{
  "camera" : {
    "name" : "stickerCam",
    "scene" : "../../../shared/cam.scnz"
  },
  "emoji" : "🙁",
  "identifier" : "slightly_frowning_face",
  "options" : {
    "duration" : 1
  },
  "physicsState" : {
    "dog" : {
      "L_ear_DYN" : {
        "offset" : [
          -0.054236412048339844,
          -0.077623367309570312,
          0.3604590892791748
        ]
      },
      "R_ear_DYN" : {
        "offset" : [
          -0.021909713745117188,
          -0.092121124267578125,
          -0.36045956611633301
        ]
      }
    },
    "octopus" : {
      "L_tentacleA_DYN" : {
        "offset" : [
          0.48781967163085938,
          0.15123271942138672,
          0.58481615781784058
        ]
      },
      "L_tentacleB_DYN" : {
        "offset" : [
          -0.0099353790283203125,
          0.035587310791015625,
          0.77555626630783081
        ]
      },
      "L_tentacleC_DYN" : {
        "offset" : [
          -0.50493335723876953,
          -0.079421043395996094,
          0.5844573974609375
        ]
      },
      "L_tentacleD_DYN" : {
        "offset" : [
          -0.75903606414794922,
          -0.13846015930175781,
          0.086884424090385437
        ]
      },
      "R_tentacleA_DYN" : {
        "offset" : [
          -0.70149421691894531,
          -0.20087528228759766,
          -0.26531839370727539
        ]
      },
      "R_tentacleB_DYN" : {
        "offset" : [
          -0.35580921173095703,
          -0.12056303024291992,
          -0.67950159311294556
        ]
      },
      "R_tentacleC_DYN" : {
        "offset" : [
          0.16745567321777344,
          0.0010137557983398438,
          -0.75816452503204346
        ]
      },
      "R_tentacleD_DYN" : {
        "offset" : [
          0.62434768676757812,
          0.10716390609741211,
          -0.44894224405288696
        ]
      }
    }
  },
  "pose" : {
    "bakedAnimationBlendFactor" : 0,
    "browDown_L" : 0.81267237663269043,
    "browDown_R" : 0.88154280185699463,
    "browInnerUp" : 1,
    "eyeBlink_L" : 0.12217194586992264,
    "eyeBlink_R" : 0.11538461595773697,
    "eyeSquint_L" : 0.43526181578636169,
    "eyeSquint_R" : 0.42424240708351135,
    "jawOpen" : 0.15999999642372131,
    "mouthClose" : 0.15999999642372131,
    "mouthFrown_L" : 0.34435263276100159,
    "mouthFrown_R" : 0.36639121174812317,
    "mouthShrugLower" : 0.67493081092834473,
    "mouthShrugUpper" : 0.67768585681915283,
    "mouthStretch_L" : 0.84848469495773315,
    "mouthStretch_R" : 0.7961430549621582,
    "neckOrientation" : [
      0.046229120343923569,
      0.017416175454854965,
      0.01107336301356554,
      0.99871766567230225
    ],
    "neckPosition" : [
      0,
      0,
      0
    ]
  },
  "props" : [

  ]
}