{
  "emoji" : "😃",
  "identifier" : "big_happy",
  "physicsState" : {
    "memoji" : {
      "lowerBack_DYN" : {
        "offset" : [
          -0.15095806121826172,
          -0.11186742782592773,
          0.71167576313018799
        ]
      },
      "lowerBackLeft_DYN" : {
        "offset" : [
          0.24337196350097656,
          0.28246068954467773,
          0.63464009761810303
        ]
      },
      "lowerBackRight_DYN" : {
        "offset" : [
          -0.46830463409423828,
          -0.42921543121337891,
          0.37182256579399109
        ]
      },
      "lowerFront_DYN" : {
        "offset" : [
          0.11186599731445312,
          -0.15095853805541992,
          0.71167576313018799
        ]
      },
      "lowerFrontLeft_DYN" : {
        "offset" : [
          0.42921352386474609,
          0.46829986572265625,
          -0.37181854248046875
        ]
      },
      "lowerFrontRight_DYN" : {
        "offset" : [
          -0.28246402740478516,
          -0.24337339401245117,
          -0.63464027643203735
        ]
      },
      "lowerLeft_DYN" : {
        "offset" : [
          0.48368358612060547,
          0.52277565002441406,
          0.18583717942237854
        ]
      },
      "lowerRight_DYN" : {
        "offset" : [
          -0.52277660369873047,
          0.48368692398071289,
          0.18583720922470093
        ]
      }
    },
    "octopus" : {
      "L_tentacleA_DYN" : {
        "offset" : [
          0.44612407684326172,
          0.12730073928833008,
          -0.40125554800033569
        ]
      },
      "L_tentacleB_DYN" : {
        "offset" : [
          0.59182929992675781,
          0.16115188598632812,
          0.0030492842197418213
        ]
      },
      "L_tentacleC_DYN" : {
        "offset" : [
          0.44358634948730469,
          0.12671136856079102,
          0.40424692630767822
        ]
      },
      "L_tentacleD_DYN" : {
        "offset" : [
          0.059963226318359375,
          0.037580013275146484,
          0.60928225517272949
        ]
      },
      "R_tentacleA_DYN" : {
        "offset" : [
          0.20785140991210938,
          0.024641990661621094,
          -0.57656711339950562
        ]
      },
      "R_tentacleB_DYN" : {
        "offset" : [
          0.52748298645019531,
          0.098906993865966797,
          -0.29701906442642212
        ]
      },
      "R_tentacleC_DYN" : {
        "offset" : [
          0.58922863006591797,
          0.113250732421875,
          0.12736597657203674
        ]
      },
      "R_tentacleD_DYN" : {
        "offset" : [
          0.35222053527832031,
          0.058183670043945312,
          0.49878579378128052
        ]
      }
    }
  },
  "pose" : {
    "bakedAnimationBlendFactor" : 0,
    "browInnerUp" : 0.55732482671737671,
    "browOuterUp_L" : 0.91719722747802734,
    "browOuterUp_R" : 0.59235686063766479,
    "cheekSquint_L" : 0.70700627565383911,
    "cheekSquint_R" : 0.85987263917922974,
    "eyeLookUp_L" : 0.092356689274311066,
    "eyeLookUp_R" : 0.073248408734798431,
    "eyeSquint_L" : 0.52866238355636597,
    "eyeSquint_R" : 0.46815291047096252,
    "eyeWide_L" : 0.53184711933135986,
    "eyeWide_R" : 0.42356693744659424,
    "jawOpen" : 0.75477707386016846,
    "mouthDimple_L" : 0.64012742042541504,
    "mouthDimple_R" : 0.49363029003143311,
    "mouthLeft" : 0.10828027874231339,
    "mouthSmile_L" : 0.91719740629196167,
    "mouthSmile_R" : 0.86624181270599365,
    "mouthUpperUp_L" : 0.30027544498443604,
    "mouthUpperUp_R" : 0.3333333432674408,
    "neckOrientation" : [
      0.0094806011766195297,
      0.00020849381689913571,
      -0.03633759543299675,
      0.99929463863372803
    ],
    "neckPosition" : [
      0,
      0,
      0
    ],
    "noseSneer_L" : 0.39808917045593262,
    "noseSneer_R" : 0.11146499961614609
  },
  "props" : [

  ]
}