{
  "camera" : {
    "name" : "stickerCam",
    "scene" : "../../shared/cam.scnz"
  },
  "emoji" : "😡",
  "identifier" : "pouting_face",
  "options" : {
    "duration" : 1
  },
  "physicsState" : {
    "memoji" : {
      "lowerBack_DYN" : {
        "offset" : [
          -1.6117010116577148,
          -1.2814731597900391,
          -0.58047926425933838
        ]
      },
      "lowerBackLeft_DYN" : {
        "offset" : [
          -1.4782400131225586,
          -1.1480135917663574,
          1.0361329317092896
        ]
      },
      "lowerBackRight_DYN" : {
        "offset" : [
          -0.89777851104736328,
          -0.56754541397094727,
          -1.8570537567138672
        ]
      },
      "lowerFront_DYN" : {
        "offset" : [
          1.2814779281616211,
          -1.6117100715637207,
          -0.58047950267791748
        ]
      },
      "lowerFrontLeft_DYN" : {
        "offset" : [
          0.56753635406494141,
          0.89776515960693359,
          1.857048511505127
        ]
      },
      "lowerFrontRight_DYN" : {
        "offset" : [
          1.1480226516723633,
          1.4782447814941406,
          -1.0361229181289673
        ]
      },
      "lowerLeft_DYN" : {
        "offset" : [
          -0.57557296752929688,
          -0.24534320831298828,
          2.0457906723022461
        ]
      },
      "lowerRight_DYN" : {
        "offset" : [
          0.24534797668457031,
          -0.5755767822265625,
          2.0457921028137207
        ]
      }
    }
  },
  "pose" : {
    "bakedAnimationBlendFactor" : 0,
    "browDown_L" : 0.97962957620620728,
    "browDown_R" : 0.85370367765426636,
    "browOuterUp_L" : 0.30973455309867859,
    "browOuterUp_R" : 0.26548671722412109,
    "cheekSquint_L" : 0.37962967157363892,
    "cheekSquint_R" : 0.60555529594421387,
    "eyeBlink_L" : 0.23703703284263611,
    "eyeBlink_R" : 0.22222216427326202,
    "eyeLookIn_L" : 0.059259265661239624,
    "eyeLookOut_R" : 0.02777777798473835,
    "eyeLookUp_L" : 0.22407414019107819,
    "eyeLookUp_R" : 0.21666665375232697,
    "eyeSquint_L" : 0.62962967157363892,
    "eyeSquint_R" : 0.67222213745117188,
    "jawOpen" : 0.038888916373252869,
    "mouthFrown_L" : 0.43703699111938477,
    "mouthFrown_R" : 0.4851851761341095,
    "mouthLeft" : 0.26666665077209473,
    "mouthLowerDown_L" : 0.21296295523643494,
    "mouthLowerDown_R" : 0.12407407909631729,
    "mouthPress_L" : 0.49444445967674255,
    "mouthPress_R" : 0.087037034332752228,
    "mouthStretch_L" : 0.2666667103767395,
    "mouthStretch_R" : 0.14074073731899261,
    "mouthUpperUp_L" : 0.39074069261550903,
    "mouthUpperUp_R" : 0.37962967157363892,
    "neckOrientation" : [
      0.10613918304443359,
      0.040811803191900253,
      0.025458009913563728,
      0.99318712949752808
    ],
    "neckPosition" : [
      0,
      0,
      0
    ],
    "noseSneer_L" : 0.70925915241241455,
    "noseSneer_R" : 0.83333325386047363
  }
}