{
  "emoji" : "😒",
  "identifier" : "annoyed",
  "physicsState" : {
    "memoji" : {
      "lowerBack_DYN" : {
        "offset" : [
          -0.32720851898193359,
          -0.28899860382080078,
          -0.58219540119171143
        ]
      },
      "lowerBackLeft_DYN" : {
        "offset" : [
          -0.52806758880615234,
          -0.48986053466796875,
          -0.10357008874416351
        ]
      },
      "lowerBackRight_DYN" : {
        "offset" : [
          0.054127693176269531,
          0.092335224151611328,
          -0.71977519989013672
        ]
      },
      "lowerFront_DYN" : {
        "offset" : [
          0.28900146484375,
          -0.32720708847045898,
          -0.58219301700592041
        ]
      },
      "lowerFrontLeft_DYN" : {
        "offset" : [
          -0.09234619140625,
          -0.054139137268066406,
          0.71977692842483521
        ]
      },
      "lowerFrontRight_DYN" : {
        "offset" : [
          0.48985195159912109,
          0.52805805206298828,
          0.10356986522674561
        ]
      },
      "lowerLeft_DYN" : {
        "offset" : [
          -0.43077754974365234,
          -0.39257240295410156,
          0.43572041392326355
        ]
      },
      "lowerRight_DYN" : {
        "offset" : [
          0.39257240295410156,
          -0.43077754974365234,
          0.43572276830673218
        ]
      }
    },
    "octopus" : {
      "L_tentacleA_DYN" : {
        "offset" : [
          0.018982887268066406,
          0.027523040771484375,
          0.60548919439315796
        ]
      },
      "L_tentacleB_DYN" : {
        "offset" : [
          -0.375274658203125,
          -0.064073085784912109,
          0.47201579809188843
        ]
      },
      "L_tentacleC_DYN" : {
        "offset" : [
          -0.58606052398681641,
          -0.11304998397827148,
          0.10714530944824219
        ]
      },
      "L_tentacleD_DYN" : {
        "offset" : [
          -0.50409603118896484,
          -0.094006538391113281,
          -0.32369506359100342
        ]
      },
      "R_tentacleA_DYN" : {
        "offset" : [
          -0.55396652221679688,
          -0.15182018280029297,
          0.19442504644393921
        ]
      },
      "R_tentacleB_DYN" : {
        "offset" : [
          -0.54038810729980469,
          -0.1486659049987793,
          -0.23153309524059296
        ]
      },
      "R_tentacleC_DYN" : {
        "offset" : [
          -0.25883388519287109,
          -0.083247661590576172,
          -0.54203200340270996
        ]
      },
      "R_tentacleD_DYN" : {
        "offset" : [
          0.16690444946289062,
          0.015664100646972656,
          -0.58277440071105957
        ]
      }
    }
  },
  "pose" : {
    "bakedAnimationBlendFactor" : 0,
    "browDown_L" : 0.11409395188093185,
    "browDown_R" : 0.60067111253738403,
    "cheekPuff" : 0.23489934206008911,
    "cheekSquint_L" : 0.5436241626739502,
    "eyeBlink_L" : 0.19463086128234863,
    "eyeBlink_R" : 0.29530203342437744,
    "eyeLookIn_L" : 0.14516128599643707,
    "eyeLookOut_R" : 0.15806449949741364,
    "eyeLookUp_L" : 0.087096765637397766,
    "eyeLookUp_R" : 0.090322583913803101,
    "mouthFrown_L" : 0.051612906157970428,
    "mouthFrown_R" : 0.10322581231594086,
    "mouthLeft" : 1,
    "mouthPress_R" : 0.42903217673301697,
    "mouthShrugLower" : 0.31612899899482727,
    "mouthShrugUpper" : 0.31612905859947205,
    "neckOrientation" : [
      0.024252245202660561,
      0.061797071248292923,
      0.028873788192868233,
      0.9973762035369873
    ],
    "neckPosition" : [
      0,
      0,
      0
    ],
    "noseSneer_L" : 0.32903221249580383,
    "noseSneer_R" : 0.13225805759429932
  },
  "props" : [

  ]
}