{
  "emoji" : "😛",
  "identifier" : "tongue_out",
  "physicsState" : {
    "dog" : {
      "L_ear_DYN" : {
        "offset" : [
          -0.42508316040039062,
          -0.72526168823242188,
          0.080570697784423828
        ]
      },
      "R_ear_DYN" : {
        "offset" : [
          -0.25906944274902344,
          -0.79972457885742188,
          -0.080576419830322266
        ]
      }
    },
    "lion" : {
      "bottomMane_DYN" : {
        "offset" : [
          -0.068223953247070312,
          -0.6267855167388916,
          0.060426235198974609
        ]
      },
      "L_lowerMane_DYN" : {
        "offset" : [
          -0.20655632019042969,
          -0.59569644927978516,
          0.060423135757446289
        ]
      },
      "R_lowerMane_DYN" : {
        "offset" : [
          -0.073552131652832031,
          -0.62617969512939453,
          -0.060430526733398438
        ]
      }
    },
    "memoji" : {
      "lowerBack_DYN" : {
        "offset" : [
          -0.30324745178222656,
          0.01837158203125,
          -2.0892875194549561
        ]
      },
      "lowerBackLeft_DYN" : {
        "offset" : [
          -1.3061714172363281,
          -0.98455095291137695,
          -1.334913969039917
        ]
      },
      "lowerBackRight_DYN" : {
        "offset" : [
          0.78311634063720703,
          1.1047382354736328,
          -1.6197870969772339
        ]
      },
      "lowerFront_DYN" : {
        "offset" : [
          -0.018370628356933594,
          -0.30324649810791016,
          -2.0892846584320068
        ]
      },
      "lowerFrontLeft_DYN" : {
        "offset" : [
          -1.104741096496582,
          -0.78311967849731445,
          1.6197789907455444
        ]
      },
      "lowerFrontRight_DYN" : {
        "offset" : [
          0.98454856872558594,
          1.3061676025390625,
          1.3349096775054932
        ]
      },
      "lowerLeft_DYN" : {
        "offset" : [
          -1.6381502151489258,
          -1.3165335655212402,
          0.20143309235572815
        ]
      },
      "lowerRight_DYN" : {
        "offset" : [
          1.3165321350097656,
          -1.6381525993347168,
          0.20143407583236694
        ]
      }
    },
    "octopus" : {
      "L_tentacleA_DYN" : {
        "offset" : [
          -0.86803627014160156,
          -0.0071091651916503906,
          1.5303177833557129
        ]
      },
      "L_tentacleB_DYN" : {
        "offset" : [
          -1.6453542709350586,
          -0.18771743774414062,
          0.59412777423858643
        ]
      },
      "L_tentacleC_DYN" : {
        "offset" : [
          -1.6322040557861328,
          -0.18465900421142578,
          -0.63028538227081299
        ]
      },
      "L_tentacleD_DYN" : {
        "offset" : [
          -0.80066299438476562,
          0.0085387229919433594,
          -1.5666168928146362
        ]
      },
      "R_tentacleA_DYN" : {
        "offset" : [
          -1.0518426895141602,
          -0.43894624710083008,
          1.3402888774871826
        ]
      },
      "R_tentacleB_DYN" : {
        "offset" : [
          -1.6406230926513672,
          -0.57574129104614258,
          0.26888114213943481
        ]
      },
      "R_tentacleC_DYN" : {
        "offset" : [
          -1.3998641967773438,
          -0.519805908203125,
          -0.93038958311080933
        ]
      },
      "R_tentacleD_DYN" : {
        "offset" : [
          -0.40939903259277344,
          -0.28968334197998047,
          -1.6863906383514404
        ]
      }
    }
  },
  "pose" : {
    "bakedAnimationBlendFactor" : 0,
    "browDown_R" : 0.7416108250617981,
    "browInnerUp" : 0.1334858238697052,
    "browOuterUp_L" : 0.40000000596046448,
    "cheekSquint_L" : 0.25999999046325684,
    "cheekSquint_R" : 1,
    "eyeBlink_L" : 0.077465243637561798,
    "eyeBlink_R" : 1,
    "eyeLookDown_L" : 0.059999998658895493,
    "eyeLookDown_R" : 0.059999998658895493,
    "eyeLookIn_L" : 0.26433110237121582,
    "eyeLookOut_R" : 0.26433119177818298,
    "eyeSquint_L" : 0.23000000417232513,
    "eyeSquint_R" : 0.96108216047286987,
    "jawOpen" : 0.50717175006866455,
    "mouthDimple_L" : 0.60000002384185791,
    "mouthDimple_R" : 0.97000002861022949,
    "mouthRight" : 0.11783439666032791,
    "mouthSmile_L" : 0.90723913908004761,
    "mouthSmile_R" : 1,
    "neckOrientation" : [
      0.019037447869777679,
      0.080989181995391846,
      0.10602159798145294,
      0.99087733030319214
    ],
    "neckPosition" : [
      0,
      0,
      0
    ],
    "noseSneer_R" : 0.21253287792205811,
    "tongueOut" : 1
  },
  "props" : [

  ]
}