{
  "emoji" : "😉",
  "identifier" : "wink",
  "physicsState" : {
    "dog" : {
      "L_ear_DYN" : {
        "offset" : [
          0.20341110229492188,
          0.56947135925292969,
          -0.082323789596557617
        ]
      },
      "R_ear_DYN" : {
        "offset" : [
          0.29010200500488281,
          0.53057670593261719,
          0.082322120666503906
        ]
      }
    },
    "lion" : {
      "bottomMane_DYN" : {
        "offset" : [
          -0.035628318786621094,
          0.45213592052459717,
          -0.061744213104248047
        ]
      },
      "L_lowerMane_DYN" : {
        "offset" : [
          0.066297531127929688,
          0.44867229461669922,
          -0.061736583709716797
        ]
      },
      "R_lowerMane_DYN" : {
        "offset" : [
          0.1357574462890625,
          0.43274402618408203,
          0.061739444732666016
        ]
      }
    },
    "memoji" : {
      "lowerBack_DYN" : {
        "offset" : [
          0.061541557312011719,
          0.22950553894042969,
          1.5071165561676025
        ]
      },
      "lowerBackLeft_DYN" : {
        "offset" : [
          0.77248096466064453,
          0.94044589996337891,
          0.92016279697418213
        ]
      },
      "lowerBackRight_DYN" : {
        "offset" : [
          -0.73463821411132812,
          -0.56667470932006836,
          1.2112157344818115
        ]
      },
      "lowerFront_DYN" : {
        "offset" : [
          -0.22950553894042969,
          0.061541557312011719,
          1.5071194171905518
        ]
      },
      "lowerFrontLeft_DYN" : {
        "offset" : [
          0.56668281555175781,
          0.73464298248291016,
          -1.2112207412719727
        ]
      },
      "lowerFrontRight_DYN" : {
        "offset" : [
          -0.94043922424316406,
          -0.7724766731262207,
          -0.9201655387878418
        ]
      },
      "lowerLeft_DYN" : {
        "offset" : [
          0.98171615600585938,
          1.1496829986572266,
          -0.20580515265464783
        ]
      },
      "lowerRight_DYN" : {
        "offset" : [
          -1.1496706008911133,
          0.98170614242553711,
          -0.2058032751083374
        ]
      }
    },
    "octopus" : {
      "L_tentacleA_DYN" : {
        "offset" : [
          0.53233623504638672,
          0.22529315948486328,
          -1.1324491500854492
        ]
      },
      "L_tentacleB_DYN" : {
        "offset" : [
          1.1213750839233398,
          0.36214685440063477,
          -0.47742238640785217
        ]
      },
      "L_tentacleC_DYN" : {
        "offset" : [
          1.1460733413696289,
          0.36788511276245117,
          0.40958130359649658
        ]
      },
      "L_tentacleD_DYN" : {
        "offset" : [
          0.57010459899902344,
          0.23406600952148438,
          1.1120971441268921
        ]
      },
      "R_tentacleA_DYN" : {
        "offset" : [
          0.85257148742675781,
          0.096469879150390625,
          -0.93829023838043213
        ]
      },
      "R_tentacleB_DYN" : {
        "offset" : [
          1.2489910125732422,
          0.18857240676879883,
          -0.14511711895465851
        ]
      },
      "R_tentacleC_DYN" : {
        "offset" : [
          1.0411205291748047,
          0.14028310775756836,
          0.71620869636535645
        ]
      },
      "R_tentacleD_DYN" : {
        "offset" : [
          0.30277824401855469,
          -0.031264305114746094,
          1.2344634532928467
        ]
      }
    }
  },
  "pose" : {
    "bakedAnimationBlendFactor" : 0,
    "browDown_R" : 0.48407644033432007,
    "browInnerUp" : 0.26114645600318909,
    "browOuterUp_L" : 0.53503185510635376,
    "cheekSquint_L" : 0.38853505253791809,
    "cheekSquint_R" : 1,
    "eyeBlink_L" : 0.13694269955158234,
    "eyeBlink_R" : 1,
    "eyeLookIn_L" : 0.42993617057800293,
    "eyeLookOut_R" : 0.4235667884349823,
    "eyeSquint_L" : 0.84076434373855591,
    "eyeSquint_R" : 1,
    "jawOpen" : 0.31528666615486145,
    "mouthClose" : 0.095541432499885559,
    "mouthDimple_L" : 0.81847155094146729,
    "mouthDimple_R" : 0.99363058805465698,
    "mouthPress_L" : 0.22292992472648621,
    "mouthPress_R" : 0.46815285086631775,
    "mouthRight" : 0.43949046730995178,
    "mouthShrugLower" : 0.19108280539512634,
    "mouthSmile_L" : 0.58598709106445312,
    "mouthSmile_R" : 0.81210190057754517,
    "mouthStretch_R" : 0.17197448015213013,
    "neckOrientation" : [
      -0.020193127915263176,
      0.125970259308815,
      -0.075178876519203186,
      0.9889751672744751
    ],
    "neckPosition" : [
      0,
      0,
      0
    ],
    "noseSneer_L" : 0.19426757097244263,
    "noseSneer_R" : 0.23248404264450073
  },
  "props" : [

  ]
}