{
  "camera" : {
    "name" : "stickerCam",
    "scene" : "../../../shared/cam.scnz"
  },
  "emoji" : "😢",
  "identifier" : "crying_face",
  "options" : {
    "duration" : 1
  },
  "physicsState" : {
    "octopus" : {
      "L_tentacleA_DYN" : {
        "offset" : [
          -0.56251716613769531,
          -0.068198680877685547,
          0.82047826051712036
        ]
      },
      "L_tentacleB_DYN" : {
        "offset" : [
          -0.95296859741210938,
          -0.15891790390014648,
          0.24666427075862885
        ]
      },
      "L_tentacleC_DYN" : {
        "offset" : [
          -0.88039398193359375,
          -0.14205026626586914,
          -0.4460662305355072
        ]
      },
      "L_tentacleD_DYN" : {
        "offset" : [
          -0.35963821411132812,
          -0.021063804626464844,
          -0.92977321147918701
        ]
      },
      "R_tentacleA_DYN" : {
        "offset" : [
          -0.53496360778808594,
          -0.18678665161132812,
          0.8204759955406189
        ]
      },
      "R_tentacleB_DYN" : {
        "offset" : [
          -0.92542076110839844,
          -0.27750349044799805,
          0.24666441977024078
        ]
      },
      "R_tentacleC_DYN" : {
        "offset" : [
          -0.85284614562988281,
          -0.26064062118530273,
          -0.44606870412826538
        ]
      },
      "R_tentacleD_DYN" : {
        "offset" : [
          -0.33208560943603516,
          -0.13964986801147461,
          -0.92977374792098999
        ]
      }
    }
  },
  "pose" : {
    "bakedAnimationBlendFactor" : 0,
    "browDown_L" : 0.88209950923919678,
    "browDown_R" : 0.84350460767745972,
    "browInnerUp" : 0.94429868459701538,
    "cheekPuff" : 0.12121210247278214,
    "cheekSquint_L" : 0.2837468683719635,
    "cheekSquint_R" : 0.22865039110183716,
    "eyeLookDown_L" : 0.085399441421031952,
    "eyeLookDown_R" : 0.074380174279212952,
    "eyeSquint_L" : 0.45801553130149841,
    "eyeSquint_R" : 0.4087696373462677,
    "jawOpen" : 0.059594649821519852,
    "mouthDimple_L" : 0.16528920829296112,
    "mouthDimple_R" : 0.21212121844291687,
    "mouthFrown_L" : 0.4250946044921875,
    "mouthFrown_R" : 0.3725435733795166,
    "mouthLeft" : 0.093663915991783142,
    "mouthPress_L" : 0.18457300961017609,
    "mouthPress_R" : 0.27823710441589355,
    "mouthShrugLower" : 0.49311277270317078,
    "mouthShrugUpper" : 0.49035823345184326,
    "mouthStretch_L" : 0.80991733074188232,
    "mouthStretch_R" : 0.68595039844512939,
    "neckOrientation" : [
      0,
      0,
      0.061048541218042374,
      0.9981347918510437
    ],
    "neckPosition" : [
      0,
      0,
      0
    ]
  },
  "props" : [
    {
      "image" : "../../../shared/crying_face/crying_tear.heic",
      "position" : {
        "x" : 0.050000000000000003,
        "y" : 0.10000000000000001,
        "z" : 18
      },
      "renderLast" : false
    }
  ]
}