{
  "camera" : {
    "name" : "stickerCam",
    "scene" : "../../../shared/cam.scnz"
  },
  "emoji" : "😜",
  "identifier" : "winking_face_with_stuck_out_tongue",
  "options" : {
    "duration" : 1
  },
  "physicsState" : {
    "dog" : {
      "L_ear_DYN" : {
        "offset" : [
          -0.33137321472167969,
          -0.59422874450683594,
          -0.021481513977050781
        ]
      },
      "R_ear_DYN" : {
        "offset" : [
          -0.2235107421875,
          -0.64262771606445312,
          0.021486759185791016
        ]
      }
    },
    "lion" : {
      "bottomMane_DYN" : {
        "offset" : [
          -0.044327735900878906,
          -0.50835609436035156,
          -0.016110897064208984
        ]
      },
      "L_lowerMane_DYN" : {
        "offset" : [
          -0.15680122375488281,
          -0.48560523986816406,
          -0.016110658645629883
        ]
      },
      "R_lowerMane_DYN" : {
        "offset" : [
          -0.070383071899414062,
          -0.50541114807128906,
          0.016115665435791016
        ]
      }
    },
    "octopus" : {
      "L_tentacleA_DYN" : {
        "offset" : [
          -0.84236717224121094,
          -0.069294452667236328,
          1.1387759447097778
        ]
      },
      "L_tentacleB_DYN" : {
        "offset" : [
          -1.3712186813354492,
          -0.19217300415039062,
          0.30661782622337341
        ]
      },
      "L_tentacleC_DYN" : {
        "offset" : [
          -1.2379064559936523,
          -0.16119718551635742,
          -0.67289364337921143
        ]
      },
      "L_tentacleD_DYN" : {
        "offset" : [
          -0.47785663604736328,
          0.015389442443847656,
          -1.3351414203643799
        ]
      },
      "R_tentacleA_DYN" : {
        "offset" : [
          -0.71476173400878906,
          -0.2924799919128418,
          1.1894440650939941
        ]
      },
      "R_tentacleB_DYN" : {
        "offset" : [
          -1.2938785552978516,
          -0.42702960968017578,
          0.39332914352416992
        ]
      },
      "R_tentacleC_DYN" : {
        "offset" : [
          -1.2212514877319336,
          -0.41015338897705078,
          -0.59288322925567627
        ]
      },
      "R_tentacleD_DYN" : {
        "offset" : [
          -0.50357341766357422,
          -0.24341392517089844,
          -1.3032121658325195
        ]
      }
    }
  },
  "pose" : {
    "bakedAnimationBlendFactor" : 0,
    "browDown_R" : 1,
    "browInnerUp" : 0.39034199714660645,
    "browOuterUp_L" : 1,
    "cheekSquint_L" : 1,
    "cheekSquint_R" : 1,
    "eyeBlink_R" : 1,
    "eyeLookDown_L" : 0.059999998658895493,
    "eyeLookDown_R" : 0.059999998658895493,
    "eyeLookIn_R" : 0.15999999642372131,
    "eyeLookOut_L" : 0.15999999642372131,
    "eyeSquint_L" : 0.9114687442779541,
    "eyeSquint_R" : 1,
    "eyeWide_L" : 1,
    "jawOpen" : 0.66411340236663818,
    "mouthDimple_L" : 1,
    "mouthDimple_R" : 0.97000002861022949,
    "mouthLeft" : 0.35402417182922363,
    "mouthSmile_L" : 1,
    "mouthSmile_R" : 1,
    "neckOrientation" : [
      -0.006829781923443079,
      -0.046863824129104614,
      0.086557440459728241,
      0.99512052536010742
    ],
    "neckPosition" : [
      0,
      0,
      0
    ],
    "noseSneer_R" : 0.21253287792205811,
    "tongueOut" : 1
  },
  "props" : [

  ]
}