{
  "camera" : {
    "name" : "stickerCam",
    "scene" : "../../../shared/cam.scnz"
  },
  "emoji" : "😴",
  "identifier" : "sleeping_face",
  "options" : {
    "duration" : 1
  },
  "physicsState" : {
    "octopus" : {
      "L_tentacleA_DYN" : {
        "offset" : [
          -0.88353919982910156,
          -0.13162708282470703,
          -0.61136859655380249
        ]
      },
      "L_tentacleB_DYN" : {
        "offset" : [
          -0.27698040008544922,
          0.0092983245849609375,
          -1.046396017074585
        ]
      },
      "L_tentacleC_DYN" : {
        "offset" : [
          0.45529365539550781,
          0.17943382263183594,
          -0.96553891897201538
        ]
      },
      "L_tentacleD_DYN" : {
        "offset" : [
          0.96660137176513672,
          0.29822635650634766,
          -0.38533687591552734
        ]
      },
      "R_tentacleA_DYN" : {
        "offset" : [
          0.88353729248046875,
          0.13162565231323242,
          0.61136806011199951
        ]
      },
      "R_tentacleB_DYN" : {
        "offset" : [
          0.27697944641113281,
          -0.0092992782592773438,
          1.0463958978652954
        ]
      },
      "R_tentacleC_DYN" : {
        "offset" : [
          -0.45529270172119141,
          -0.17943191528320312,
          0.96553772687911987
        ]
      },
      "R_tentacleD_DYN" : {
        "offset" : [
          -0.96660137176513672,
          -0.29822731018066406,
          0.38533735275268555
        ]
      }
    }
  },
  "pose" : {
    "bakedAnimationBlendFactor" : 0,
    "eyeBlink_L" : 1,
    "eyeBlink_R" : 1,
    "jawOpen" : 0.20185458660125732,
    "mouthSmile_L" : 0.19559231400489807,
    "mouthSmile_R" : 0.22038573026657104,
    "mouthStretch_L" : 0.02627808041870594,
    "neckOrientation" : [
      -0.066273912787437439,
      0,
      0,
      0.99780154228210449
    ],
    "neckPosition" : [
      0,
      0,
      0
    ]
  },
  "props" : [
    {
      "image" : "../../../shared/sleeping_face/zs.heic",
      "position" : {
        "x" : 0,
        "y" : 0.050000000000000003,
        "z" : 20
      }
    }
  ]
}