{
  "emoji" : "😮",
  "identifier" : "surprise",
  "physicsState" : {
    "dog" : {
      "L_ear_DYN" : {
        "offset" : [
          0.13412189483642578,
          0.35997962951660156,
          -0.21969103813171387
        ]
      },
      "R_ear_DYN" : {
        "offset" : [
          0.17969322204589844,
          0.33951950073242188,
          0.21969437599182129
        ]
      }
    },
    "lion" : {
      "bottomMane_DYN" : {
        "offset" : [
          -0.018735885620117188,
          0.28749865293502808,
          -0.16476631164550781
        ]
      },
      "L_lowerMane_DYN" : {
        "offset" : [
          0.045981407165527344,
          0.28442478179931641,
          -0.1647646427154541
        ]
      },
      "R_lowerMane_DYN" : {
        "offset" : [
          0.082503318786621094,
          0.27604198455810547,
          0.16476964950561523
        ]
      }
    },
    "memoji" : {
      "lowerBack_DYN" : {
        "offset" : [
          0.34420490264892578,
          0.43251466751098633,
          0.95833021402359009
        ]
      },
      "lowerBackLeft_DYN" : {
        "offset" : [
          0.70961570739746094,
          0.79792881011962891,
          0.28927695751190186
        ]
      },
      "lowerBackRight_DYN" : {
        "offset" : [
          -0.24870872497558594,
          -0.16039609909057617,
          1.065990686416626
        ]
      },
      "lowerFront_DYN" : {
        "offset" : [
          -0.43251514434814453,
          0.34420299530029297,
          0.95832955837249756
        ]
      },
      "lowerFrontLeft_DYN" : {
        "offset" : [
          0.16039562225341797,
          0.24870681762695312,
          -1.0659980773925781
        ]
      },
      "lowerFrontRight_DYN" : {
        "offset" : [
          -0.79792594909667969,
          -0.70961427688598633,
          -0.28928521275520325
        ]
      },
      "lowerLeft_DYN" : {
        "offset" : [
          0.63348770141601562,
          0.72179317474365234,
          -0.54922235012054443
        ]
      },
      "lowerRight_DYN" : {
        "offset" : [
          -0.72180557250976562,
          0.63349008560180664,
          -0.54922366142272949
        ]
      }
    },
    "octopus" : {
      "L_tentacleA_DYN" : {
        "offset" : [
          0.061018943786621094,
          0.067601680755615234,
          -0.91741669178009033
        ]
      },
      "L_tentacleB_DYN" : {
        "offset" : [
          0.63135623931884766,
          0.20011186599731445,
          -0.64133208990097046
        ]
      },
      "L_tentacleC_DYN" : {
        "offset" : [
          0.88341426849365234,
          0.25867319107055664,
          -0.051213696599006653
        ]
      },
      "L_tentacleD_DYN" : {
        "offset" : [
          0.68221950531005859,
          0.2119297981262207,
          0.58277231454849243
        ]
      },
      "R_tentacleA_DYN" : {
        "offset" : [
          0.81960391998291016,
          0.1369938850402832,
          -0.39929628372192383
        ]
      },
      "R_tentacleB_DYN" : {
        "offset" : [
          0.875885009765625,
          0.15007162094116211,
          0.24547933042049408
        ]
      },
      "R_tentacleC_DYN" : {
        "offset" : [
          0.50735282897949219,
          0.064453125,
          0.7670707106590271
        ]
      },
      "R_tentacleD_DYN" : {
        "offset" : [
          -0.12717056274414062,
          -0.082972049713134766,
          0.90934216976165771
        ]
      }
    }
  },
  "pose" : {
    "bakedAnimationBlendFactor" : 0,
    "browInnerUp" : 0.98089170455932617,
    "browOuterUp_L" : 0.88216567039489746,
    "browOuterUp_R" : 0.8216559886932373,
    "eyeLookDown_R" : 0.057324841618537903,
    "eyeLookIn_R" : 0.095541439950466156,
    "eyeLookOut_L" : 0.063694268465042114,
    "eyeLookUp_R" : 0.0031847134232521057,
    "eyeWide_L" : 0.77706992626190186,
    "eyeWide_R" : 0.61464965343475342,
    "jawOpen" : 0.6273883581161499,
    "mouthClose" : 0.14331209659576416,
    "mouthFunnel" : 0.57961750030517578,
    "mouthLeft" : 0.14012736082077026,
    "mouthPucker" : 0.3216559886932373,
    "mouthSmile_L" : 0.15605093538761139,
    "mouthSmile_R" : 0.11783449351787567,
    "neckOrientation" : [
      -0.026226865127682686,
      -0.037105940282344818,
      -0.04998171329498291,
      0.99771600961685181
    ],
    "neckPosition" : [
      0,
      0,
      0
    ]
  },
  "props" : [

  ]
}