{
  "camera" : {
    "name" : "stickerCam",
    "scene" : "../../../shared/cam.scnz"
  },
  "emoji" : "😯",
  "identifier" : "hushed_face",
  "options" : {
    "duration" : 1
  },
  "physicsState" : {
    "dog" : {
      "L_ear_DYN" : {
        "offset" : [
          -0.013981819152832031,
          0.0062732696533203125,
          0.34624838829040527
        ]
      },
      "R_ear_DYN" : {
        "offset" : [
          0.013978958129882812,
          -0.0062713623046875,
          -0.34624838829040527
        ]
      }
    },
    "octopus" : {
      "L_tentacleA_DYN" : {
        "offset" : [
          0.57201194763183594,
          0.16566991806030273,
          0.40830707550048828
        ]
      },
      "L_tentacleB_DYN" : {
        "offset" : [
          0.16691493988037109,
          0.071549892425537109,
          0.6988406777381897
        ]
      },
      "L_tentacleC_DYN" : {
        "offset" : [
          -0.32213687896728516,
          -0.042074203491210938,
          0.64483624696731567
        ]
      },
      "L_tentacleD_DYN" : {
        "offset" : [
          -0.66361427307128906,
          -0.12141084671020508,
          0.25734961032867432
        ]
      },
      "R_tentacleA_DYN" : {
        "offset" : [
          -0.57201194763183594,
          -0.16566944122314453,
          -0.40830433368682861
        ]
      },
      "R_tentacleB_DYN" : {
        "offset" : [
          -0.16691493988037109,
          -0.071548938751220703,
          -0.69884103536605835
        ]
      },
      "R_tentacleC_DYN" : {
        "offset" : [
          0.32213687896728516,
          0.042074680328369141,
          -0.64483809471130371
        ]
      },
      "R_tentacleD_DYN" : {
        "offset" : [
          0.66361618041992188,
          0.12141132354736328,
          -0.25734952092170715
        ]
      }
    }
  },
  "pose" : {
    "bakedAnimationBlendFactor" : 0,
    "browInnerUp" : 0.85993576049804688,
    "browOuterUp_L" : 0.98789387941360474,
    "browOuterUp_R" : 0.98789387941360474,
    "eyeLookDown_L" : 0.16306468844413757,
    "eyeLookDown_R" : 0.16699407994747162,
    "eyeWide_L" : 0.99044567346572876,
    "eyeWide_R" : 0.68591636419296265,
    "jawOpen" : 0.87622779607772827,
    "mouthClose" : 0.25,
    "mouthFrown_L" : 0.18952083587646484,
    "mouthFrown_R" : 0.2097478061914444,
    "mouthFunnel" : 0.25,
    "mouthLowerDown_L" : 0.51669937372207642,
    "mouthLowerDown_R" : 0.51866400241851807,
    "mouthPucker" : 0.25,
    "neckOrientation" : [
      0.044207267463207245,
      0,
      0,
      0.99902242422103882
    ],
    "neckPosition" : [
      0,
      0,
      0
    ]
  },
  "props" : [

  ]
}