{
  "camera" : {
    "name" : "stickerCam",
    "scene" : "../../shared/cam.scnz"
  },
  "emoji" : "👊",
  "identifier" : "fist_bump",
  "options" : {
    "duration" : 1
  },
  "physicsState" : {
    "memoji" : {
      "lowerBack_DYN" : {
        "offset" : [
          0.6071929931640625,
          0.66588497161865234,
          0.037690699100494385
        ]
      },
      "lowerBackLeft_DYN" : {
        "offset" : [
          0.43960475921630859,
          0.49830102920532227,
          -0.60989046096801758
        ]
      },
      "lowerBackRight_DYN" : {
        "offset" : [
          0.40191078186035156,
          0.4606022834777832,
          0.66317892074584961
        ]
      },
      "lowerFront_DYN" : {
        "offset" : [
          -0.66588306427001953,
          0.60718393325805664,
          0.037702381610870361
        ]
      },
      "lowerFrontLeft_DYN" : {
        "offset" : [
          -0.46059417724609375,
          -0.40189790725708008,
          -0.66319936513900757
        ]
      },
      "lowerFrontRight_DYN" : {
        "offset" : [
          -0.498291015625,
          -0.43959379196166992,
          0.6098705530166626
        ]
      },
      "lowerLeft_DYN" : {
        "offset" : [
          -0.00269317626953125,
          0.056003570556640625,
          -0.9002038836479187
        ]
      },
      "lowerRight_DYN" : {
        "offset" : [
          -0.055995941162109375,
          -0.0027003288269042969,
          -0.90019208192825317
        ]
      }
    }
  },
  "pose" : {
    "bakedAnimationBlendFactor" : 0,
    "browDown_L" : 0.967551589012146,
    "browDown_R" : 0.95347434282302856,
    "browOuterUp_L" : 0.1452145129442215,
    "cheekSquint_L" : 0.23597359657287598,
    "cheekSquint_R" : 0.2326732873916626,
    "eyeLookDown_L" : 0.12459547072649002,
    "eyeLookDown_R" : 0.12621359527111053,
    "eyeLookIn_L" : 0.79646015167236328,
    "eyeLookOut_R" : 0.79351049661636353,
    "eyeSquint_L" : 0.22937291860580444,
    "eyeSquint_R" : 0.22442242503166199,
    "mouthDimple_L" : 0.41089111566543579,
    "mouthDimple_R" : 0.36303630471229553,
    "mouthLeft" : 0.26897686719894409,
    "mouthPress_L" : 0.47689765691757202,
    "mouthPress_R" : 0.45379534363746643,
    "mouthSmile_L" : 0.8478965163230896,
    "mouthSmile_R" : 0.95792871713638306,
    "mouthStretch_L" : 0.45874586701393127,
    "mouthStretch_R" : 0.47029703855514526,
    "neckOrientation" : [
      -0.045008853077888489,
      0.24868859350681305,
      0.0095814596861600876,
      0.96748971939086914
    ],
    "neckPosition" : [
      0,
      0,
      0
    ]
  },
  "props" : [
    {
      "palettes" : [
        {
          "material" : "head_MAT",
          "palette" : "skin"
        }
      ],
      "scene" : "fist_bump.scnz"
    }
  ]
}