{
  "camera" : {
    "name" : "stickerCam",
    "scene" : "cam.scnz"
  },
  "emoji" : "👎",
  "identifier" : "thumbs_down",
  "options" : {
    "duration" : 1
  },
  "physicsState" : {
    "memoji" : {
      "lowerBack_DYN" : {
        "offset" : [
          -0.05059814453125,
          -0.016839981079101562,
          0.68194794654846191
        ]
      },
      "lowerBackLeft_DYN" : {
        "offset" : [
          0.30025100708007812,
          0.33400630950927734,
          0.51593106985092163
        ]
      },
      "lowerBackRight_DYN" : {
        "offset" : [
          -0.38169002532958984,
          -0.34793376922607422,
          0.44849047064781189
        ]
      },
      "lowerFront_DYN" : {
        "offset" : [
          0.016839027404785156,
          -0.050597667694091797,
          0.68194830417633057
        ]
      },
      "lowerFrontLeft_DYN" : {
        "offset" : [
          0.34793853759765625,
          0.38169336318969727,
          -0.44848495721817017
        ]
      },
      "lowerFrontRight_DYN" : {
        "offset" : [
          -0.33400917053222656,
          -0.30024862289428711,
          -0.5159229040145874
        ]
      },
      "lowerLeft_DYN" : {
        "offset" : [
          0.46532917022705078,
          0.49908208847045898,
          0.047685597091913223
        ]
      },
      "lowerRight_DYN" : {
        "offset" : [
          -0.49909114837646484,
          0.4653325080871582,
          0.047686934471130371
        ]
      }
    }
  },
  "pose" : {
    "bakedAnimationBlendFactor" : 0,
    "browDown_L" : 0.53434205055236816,
    "browInnerUp" : 0.48699992895126343,
    "browOuterUp_R" : 0.83858644962310791,
    "eyeBlink_L" : 0.54820924997329712,
    "eyeBlink_R" : 0.40220358967781067,
    "eyeLookIn_L" : 0.060606084764003754,
    "eyeLookOut_R" : 0.063360877335071564,
    "eyeSquint_L" : 0.73553729057312012,
    "eyeSquint_R" : 0.60881561040878296,
    "jawOpen" : 0.060606062412261963,
    "mouthDimple_L" : 0.63636380434036255,
    "mouthFrown_L" : 0.14325067400932312,
    "mouthFrown_R" : 0.1542699784040451,
    "mouthLeft" : 0.61157041788101196,
    "mouthShrugLower" : 0.11845719069242477,
    "mouthShrugUpper" : 0.15702477097511292,
    "mouthStretch_L" : 0.096418716013431549,
    "mouthStretch_R" : 0.30303031206130981,
    "mouthUpperUp_L" : 0.25619831681251526,
    "mouthUpperUp_R" : 0.099173560738563538,
    "neckOrientation" : [
      0.001217974815517664,
      0.034878235310316086,
      -0.034878235310316086,
      0.99878197908401489
    ],
    "neckPosition" : [
      0,
      0,
      0
    ]
  },
  "props" : [
    {
      "palettes" : [
        {
          "material" : "head_MAT",
          "palette" : "skin"
        }
      ],
      "scene" : "thumbsDown.scnz"
    }
  ]
}