{
  "emoji" : "😀",
  "identifier" : "happy",
  "physicsState" : {
    "dog" : {
      "L_ear_DYN" : {
        "offset" : [
          -0.014554977416992188,
          0.006534576416015625,
          -0.35331130027770996
        ]
      },
      "R_ear_DYN" : {
        "offset" : [
          0.014558792114257812,
          -0.00653076171875,
          0.35331010818481445
        ]
      }
    },
    "memoji" : {
      "lowerBack_DYN" : {
        "offset" : [
          0.59636497497558594,
          0.65276813507080078,
          1.6500064248248236e-07
        ]
      },
      "lowerBackLeft_DYN" : {
        "offset" : [
          0.41343402862548828,
          0.46983718872070312,
          -0.62456822395324707
        ]
      },
      "lowerBackRight_DYN" : {
        "offset" : [
          0.41343498229980469,
          0.46983766555786133,
          0.62456822395324707
        ]
      },
      "lowerFront_DYN" : {
        "offset" : [
          -0.65277576446533203,
          0.59636783599853516,
          7.6868218457093462e-09
        ]
      },
      "lowerFrontLeft_DYN" : {
        "offset" : [
          -0.46984100341796875,
          -0.41343545913696289,
          -0.62457108497619629
        ]
      },
      "lowerFrontRight_DYN" : {
        "offset" : [
          -0.46984195709228516,
          -0.41343593597412109,
          0.62456917762756348
        ]
      },
      "lowerLeft_DYN" : {
        "offset" : [
          -0.028203964233398438,
          0.028201580047607422,
          -0.88327157497406006
        ]
      },
      "lowerRight_DYN" : {
        "offset" : [
          -0.028204917907714844,
          -0.028201580047607422,
          -0.88327145576477051
        ]
      }
    },
    "octopus" : {
      "L_tentacleA_DYN" : {
        "offset" : [
          -0.59856986999511719,
          -0.10494518280029297,
          -0.41663330793380737
        ]
      },
      "L_tentacleB_DYN" : {
        "offset" : [
          -0.18521499633789062,
          -0.0089097023010253906,
          -0.71309632062911987
        ]
      },
      "L_tentacleC_DYN" : {
        "offset" : [
          0.31381607055664062,
          0.10703372955322266,
          -0.65799069404602051
        ]
      },
      "L_tentacleD_DYN" : {
        "offset" : [
          0.662261962890625,
          0.18799161911010742,
          -0.26259994506835938
        ]
      },
      "R_tentacleA_DYN" : {
        "offset" : [
          0.59856986999511719,
          0.10494661331176758,
          0.41663450002670288
        ]
      },
      "R_tentacleB_DYN" : {
        "offset" : [
          0.18521022796630859,
          0.0089092254638671875,
          0.71309775114059448
        ]
      },
      "R_tentacleC_DYN" : {
        "offset" : [
          -0.31381416320800781,
          -0.10703277587890625,
          0.65799057483673096
        ]
      },
      "R_tentacleD_DYN" : {
        "offset" : [
          -0.66226100921630859,
          -0.18799161911010742,
          0.26260000467300415
        ]
      }
    }
  },
  "pose" : {
    "bakedAnimationBlendFactor" : 0,
    "browInnerUp" : 0.12420382350683212,
    "browOuterUp_L" : 0.2197452038526535,
    "browOuterUp_R" : 0.34713366627693176,
    "cheekSquint_L" : 0.52866238355636597,
    "cheekSquint_R" : 0.54777067899703979,
    "eyeBlink_L" : 0.43949046730995178,
    "eyeBlink_R" : 0.46815282106399536,
    "eyeLookDown_L" : 0.09235670417547226,
    "eyeLookDown_R" : 0.092356689274311066,
    "eyeSquint_L" : 0.88535016775131226,
    "eyeSquint_R" : 0.82165592908859253,
    "jawOpen" : 0.21019108593463898,
    "mouthDimple_L" : 0.73885345458984375,
    "mouthDimple_R" : 0.71656042337417603,
    "mouthLeft" : 0.11783439666032791,
    "mouthSmile_L" : 0.69426751136779785,
    "mouthSmile_R" : 0.73248410224914551,
    "mouthStretch_L" : 0.035031847655773163,
    "mouthStretch_R" : 0.098726116120815277,
    "mouthUpperUp_L" : 0.11783439666032791,
    "mouthUpperUp_R" : 0.13057324290275574,
    "neckOrientation" : [
      -0.045110791921615601,
      0,
      0,
      0.9989820122718811
    ],
    "neckPosition" : [
      0,
      0,
      0
    ]
  },
  "props" : [

  ]
}