{
  "camera" : {
    "name" : "stickerCam",
    "scene" : "../../shared/cam.scnz"
  },
  "emoji" : "😉",
  "identifier" : "winking_face",
  "options" : {
    "duration" : 1
  },
  "physicsState" : {
    "memoji" : {
      "lowerBack_DYN" : {
        "offset" : [
          0.051539421081542969,
          0.27373600006103516,
          1.7325930595397949
        ]
      },
      "lowerBackLeft_DYN" : {
        "offset" : [
          0.87019920349121094,
          1.0923943519592285,
          1.0624977350234985
        ]
      },
      "lowerBackRight_DYN" : {
        "offset" : [
          -0.86239719390869141,
          -0.64020156860351562,
          1.3877592086791992
        ]
      },
      "lowerFront_DYN" : {
        "offset" : [
          -0.27372932434082031,
          0.051535129547119141,
          1.7325937747955322
        ]
      },
      "lowerFrontLeft_DYN" : {
        "offset" : [
          0.64019775390625,
          0.8623967170715332,
          -1.387770414352417
        ]
      },
      "lowerFrontRight_DYN" : {
        "offset" : [
          -1.0923948287963867,
          -0.87020158767700195,
          -1.0624902248382568
        ]
      },
      "lowerLeft_DYN" : {
        "offset" : [
          1.1140336990356445,
          1.3362250328063965,
          -0.22999900579452515
        ]
      },
      "lowerRight_DYN" : {
        "offset" : [
          -1.3362216949462891,
          1.1140275001525879,
          -0.23000159859657288
        ]
      }
    }
  },
  "pose" : {
    "bakedAnimationBlendFactor" : 0,
    "browDown_L" : 0.78062677383422852,
    "browInnerUp" : 0.1334858238697052,
    "browOuterUp_R" : 0.39944911003112793,
    "cheekSquint_L" : 0.80056971311569214,
    "cheekSquint_R" : 0.26446273922920227,
    "eyeBlink_L" : 1,
    "eyeBlink_R" : 0.077465243637561798,
    "eyeLookDown_L" : 0.060606066137552261,
    "eyeLookDown_R" : 0.063360877335071564,
    "eyeLookIn_R" : 0.15977963805198669,
    "eyeLookOut_L" : 0.15151515603065491,
    "eyeSquint_L" : 0.78729301691055298,
    "eyeSquint_R" : 0.22865022718906403,
    "jawOpen" : 0.45730021595954895,
    "mouthDimple_L" : 0.96969687938690186,
    "mouthDimple_R" : 0.61707991361618042,
    "mouthLeft" : 0.34999999403953552,
    "mouthSmile_L" : 1,
    "mouthSmile_R" : 0.66150742769241333,
    "neckOrientation" : [
      -0.0059038698673248291,
      -0.065676122903823853,
      -0.089337810873985291,
      0.99381619691848755
    ],
    "neckPosition" : [
      0,
      0,
      0
    ],
    "noseSneer_L" : 0.21253287792205811
  },
  "props" : [

  ]
}