{
  "camera" : {
    "name" : "stickerCam",
    "scene" : "../../../shared/cam.scnz"
  },
  "emoji" : "🤣",
  "identifier" : "face_with_tears_of_joy",
  "options" : {
    "duration" : 1
  },
  "physicsState" : {
    "octopus" : {
      "L_tentacleA_DYN" : {
        "offset" : [
          -0.83793258666992188,
          -0.12834072113037109,
          -0.58035671710968018
        ]
      },
      "L_tentacleB_DYN" : {
        "offset" : [
          -0.26214313507080078,
          0.0054330825805664062,
          -0.99331474304199219
        ]
      },
      "L_tentacleC_DYN" : {
        "offset" : [
          0.43298721313476562,
          0.16693782806396484,
          -0.91655725240707397
        ]
      },
      "L_tentacleD_DYN" : {
        "offset" : [
          0.91835784912109375,
          0.27970314025878906,
          -0.36578792333602905
        ]
      },
      "R_tentacleA_DYN" : {
        "offset" : [
          0.83793067932128906,
          0.12834024429321289,
          0.58035445213317871
        ]
      },
      "R_tentacleB_DYN" : {
        "offset" : [
          0.26214122772216797,
          -0.0054349899291992188,
          0.99331563711166382
        ]
      },
      "R_tentacleC_DYN" : {
        "offset" : [
          -0.43298530578613281,
          -0.16693687438964844,
          0.91655921936035156
        ]
      },
      "R_tentacleD_DYN" : {
        "offset" : [
          -0.91835689544677734,
          -0.27970695495605469,
          0.36578935384750366
        ]
      }
    }
  },
  "pose" : {
    "bakedAnimationBlendFactor" : 0,
    "browDown_L" : 1,
    "browDown_R" : 1,
    "browInnerUp" : 0.67255085706710815,
    "browOuterUp_L" : 0.2818952202796936,
    "browOuterUp_R" : 0.27548208832740784,
    "cheekSquint_L" : 0.93215173482894897,
    "cheekSquint_R" : 1,
    "eyeBlink_L" : 1,
    "eyeBlink_R" : 1,
    "eyeSquint_L" : 1,
    "eyeSquint_R" : 0.94561862945556641,
    "jawOpen" : 0.55184805393218994,
    "mouthDimple_L" : 1,
    "mouthDimple_R" : 1,
    "mouthSmile_L" : 1,
    "mouthSmile_R" : 1,
    "mouthUpperUp_L" : 0.61368203163146973,
    "mouthUpperUp_R" : 0.58904117345809937,
    "neckOrientation" : [
      -0.062898218631744385,
      0,
      0,
      0.99801993370056152
    ],
    "neckPosition" : [
      0,
      0,
      0
    ]
  },
  "props" : [
    {
      "image" : "../../../shared/face_with_tears_of_joy/tears.heic",
      "position" : {
        "x" : 0,
        "y" : 0.13,
        "z" : 20
      },
      "scale" : 0.84999999999999998
    }
  ]
}