{
  "camera" : {
    "name" : "stickerCam",
    "scene" : "../../shared/cam.scnz"
  },
  "emoji" : "🙄",
  "identifier" : "face_with_rolling_eyes",
  "options" : {
    "duration" : 1
  },
  "physicsState" : {
    "memoji" : {
      "lowerBack_DYN" : {
        "offset" : [
          -0.026094436645507812,
          0.026020050048828125,
          0.84907388687133789
        ]
      },
      "lowerBackLeft_DYN" : {
        "offset" : [
          0.39844799041748047,
          0.4505615234375,
          0.60043376684188843
        ]
      },
      "lowerBackRight_DYN" : {
        "offset" : [
          -0.45062732696533203,
          -0.39851188659667969,
          0.60034376382827759
        ]
      },
      "lowerFront_DYN" : {
        "offset" : [
          -0.026014328002929688,
          -0.026103019714355469,
          0.84907412528991699
        ]
      },
      "lowerFrontLeft_DYN" : {
        "offset" : [
          0.39850807189941406,
          0.45062160491943359,
          -0.600341796875
        ]
      },
      "lowerFrontRight_DYN" : {
        "offset" : [
          -0.45057201385498047,
          -0.39845561981201172,
          -0.60043007135391235
        ]
      },
      "lowerLeft_DYN" : {
        "offset" : [
          0.57433223724365234,
          0.62644481658935547,
          6.1512997490353882e-05
        ]
      },
      "lowerRight_DYN" : {
        "offset" : [
          -0.62645149230957031,
          0.57433271408081055,
          5.6818313169060275e-05
        ]
      }
    }
  },
  "pose" : {
    "bakedAnimationBlendFactor" : 0,
    "browInnerUp" : 0.84565156698226929,
    "eyeLookIn_R" : 0.11764705926179886,
    "eyeLookOut_L" : 0.1141868382692337,
    "eyeLookUp_L" : 0.82347708940505981,
    "eyeLookUp_R" : 0.82327139377593994,
    "jawOpen" : 0.17707015573978424,
    "mouthStretch_L" : 0.34296026825904846,
    "mouthStretch_R" : 0.38989171385765076,
    "neckOrientation" : [
      0.0029775693546980619,
      -0.068534508347511292,
      -0.043258585035800934,
      0.99670594930648804
    ],
    "neckPosition" : [
      0,
      0,
      0
    ]
  },
  "props" : [

  ]
}