{
  "camera" : {
    "name" : "stickerCam",
    "scene" : "../../shared/cam.scnz"
  },
  "emoji" : "😤",
  "identifier" : "face_with_steam_from_nose",
  "options" : {
    "duration" : 1
  },
  "physicsState" : {
    "memoji" : {
      "lowerBack_DYN" : {
        "offset" : [
          0.93848896026611328,
          1.0873465538024902,
          2.6503118988330243e-07
        ]
      },
      "lowerBackLeft_DYN" : {
        "offset" : [
          0.64180946350097656,
          0.79067087173461914,
          -1.0129202604293823
        ]
      },
      "lowerBackRight_DYN" : {
        "offset" : [
          0.64181423187255859,
          0.79067134857177734,
          1.012920618057251
        ]
      },
      "lowerFront_DYN" : {
        "offset" : [
          -1.0873441696166992,
          0.93848466873168945,
          1.3510543794836849e-09
        ]
      },
      "lowerFrontLeft_DYN" : {
        "offset" : [
          -0.79066848754882812,
          -0.64180994033813477,
          -1.0129166841506958
        ]
      },
      "lowerFrontRight_DYN" : {
        "offset" : [
          -0.79067134857177734,
          -0.64181089401245117,
          1.0129175186157227
        ]
      },
      "lowerLeft_DYN" : {
        "offset" : [
          -0.074431419372558594,
          0.074429988861083984,
          -1.4324789047241211
        ]
      },
      "lowerRight_DYN" : {
        "offset" : [
          -0.074434280395507812,
          -0.074427127838134766,
          -1.432478666305542
        ]
      }
    }
  },
  "pose" : {
    "bakedAnimationBlendFactor" : 0,
    "browDown_L" : 0.85851764678955078,
    "browDown_R" : 0.85785907506942749,
    "browOuterUp_L" : 0.77751761674880981,
    "browOuterUp_R" : 0.78688532114028931,
    "eyeBlink_L" : 1,
    "eyeBlink_R" : 1,
    "mouthFrown_L" : 0.53652381896972656,
    "mouthFrown_R" : 0.53652387857437134,
    "mouthStretch_L" : 0.48110836744308472,
    "mouthStretch_R" : 0.48362722992897034,
    "neckOrientation" : [
      -0.073282711207866669,
      0,
      0,
      0.99731117486953735
    ],
    "neckPosition" : [
      0,
      0,
      0
    ],
    "noseSneer_L" : 0.30581042170524597,
    "noseSneer_R" : 0.33944955468177795
  },
  "props" : [
    {
      "adjustments" : {
        "age" : [
          {
            "position" : {
              "x" : 0,
              "y" : 0.035999999999999997,
              "z" : 0
            },
            "value" : "child"
          },
          {
            "position" : {
              "x" : 0,
              "y" : 0.024,
              "z" : 0
            },
            "value" : "child_75"
          },
          {
            "position" : {
              "x" : 0,
              "y" : 0.014999999999999999,
              "z" : 0
            },
            "value" : "child_50"
          },
          {
            "position" : {
              "x" : 0,
              "y" : 0.0060000000000000001,
              "z" : 0
            },
            "value" : "child_25"
          }
        ]
      },
      "image" : "steam.heic",
      "position" : {
        "x" : 0.17999999999999999,
        "y" : -0.39000000000000001,
        "z" : 15
      },
      "scale" : 0.25
    },
    {
      "adjustments" : {
        "age" : [
          {
            "position" : {
              "x" : 0,
              "y" : 0.035999999999999997,
              "z" : 0
            },
            "value" : "child"
          },
          {
            "position" : {
              "x" : 0,
              "y" : 0.024,
              "z" : 0
            },
            "value" : "child_75"
          },
          {
            "position" : {
              "x" : 0,
              "y" : 0.014999999999999999,
              "z" : 0
            },
            "value" : "child_50"
          },
          {
            "position" : {
              "x" : 0,
              "y" : 0.0060000000000000001,
              "z" : 0
            },
            "value" : "child_25"
          }
        ]
      },
      "image" : "steam.heic",
      "position" : {
        "x" : -0.17999999999999999,
        "y" : -0.39000000000000001,
        "z" : 15
      },
      "scale" : {
        "x" : -0.25,
        "y" : 0.25,
        "z" : 0.25
      }
    }
  ]
}