{
  "camera" : {
    "name" : "stickerCam",
    "scene" : "../../../shared/cam.scnz"
  },
  "emoji" : "😘",
  "identifier" : "face_blowing_a_kiss",
  "options" : {
    "duration" : 1
  },
  "physicsState" : {
    "octopus" : {
      "L_tentacleA_DYN" : {
        "offset" : [
          -0.3932342529296875,
          -0.081198692321777344,
          -0.020653620362281799
        ]
      },
      "L_tentacleB_DYN" : {
        "offset" : [
          -0.28329181671142578,
          -0.055658817291259766,
          -0.2798289954662323
        ]
      },
      "L_tentacleC_DYN" : {
        "offset" : [
          -0.035684585571289062,
          0.0018696784973144531,
          -0.40047517418861389
        ]
      },
      "L_tentacleD_DYN" : {
        "offset" : [
          0.23647499084472656,
          0.065102577209472656,
          -0.31858420372009277
        ]
      },
      "R_tentacleA_DYN" : {
        "offset" : [
          0.16147327423095703,
          0.027352809906005859,
          0.36720335483551025
        ]
      },
      "R_tentacleB_DYN" : {
        "offset" : [
          -0.11339473724365234,
          -0.036509513854980469,
          0.38401460647583008
        ]
      },
      "R_tentacleC_DYN" : {
        "offset" : [
          -0.33034992218017578,
          -0.086913108825683594,
          0.21207104623317719
        ]
      },
      "R_tentacleD_DYN" : {
        "offset" : [
          -0.38255786895751953,
          -0.099043846130371094,
          -0.07412680983543396
        ]
      }
    }
  },
  "pose" : {
    "bakedAnimationBlendFactor" : 0,
    "browDown_L" : 0.96748602390289307,
    "browInnerUp" : 0.6714857816696167,
    "browOuterUp_R" : 0.90320849418640137,
    "cheekSquint_L" : 1,
    "cheekSquint_R" : 0.26446273922920227,
    "eyeBlink_L" : 1,
    "eyeBlink_R" : 0.13530918955802917,
    "eyeLookDown_L" : 0.10000000149011612,
    "eyeLookDown_R" : 0.10000000149011612,
    "eyeSquint_L" : 0.96108216047286987,
    "eyeSquint_R" : 0.46925169229507446,
    "mouthLeft" : 0.86296528577804565,
    "mouthPucker" : 0.87165772914886475,
    "mouthSmile_L" : 0.30000001192092896,
    "mouthSmile_R" : 0.20000000298023224,
    "neckOrientation" : [
      -0.020657248795032501,
      0.024749923497438431,
      0.013387914746999741,
      0.99939066171646118
    ],
    "neckPosition" : [
      0,
      0,
      0
    ]
  },
  "props" : [
    {
      "image" : "../../../shared/face_blowing_a_kiss/heart.heic",
      "position" : {
        "x" : 0.029999999999999999,
        "y" : -0.050000000000000003,
        "z" : 15
      },
      "scale" : 0.75
    }
  ]
}