{
  "camera" : {
    "name" : "stickerCam",
    "scene" : "../../../shared/cam.scnz"
  },
  "emoji" : "😡",
  "identifier" : "pouting_face",
  "options" : {
    "duration" : 1
  },
  "physicsState" : {
    "dog" : {
      "L_ear_DYN" : {
        "offset" : [
          -0.18025970458984375,
          -0.17361640930175781,
          0.81831693649291992
        ]
      },
      "R_ear_DYN" : {
        "offset" : [
          -0.0098209381103515625,
          -0.25008964538574219,
          -0.81831669807434082
        ]
      }
    },
    "lion" : {
      "bottomMane_DYN" : {
        "offset" : [
          -0.070052146911621094,
          -0.17414376139640808,
          0.61373519897460938
        ]
      },
      "L_lowerMane_DYN" : {
        "offset" : [
          -0.10719585418701172,
          -0.15409183502197266,
          0.61373734474182129
        ]
      },
      "R_lowerMane_DYN" : {
        "offset" : [
          0.029366493225097656,
          -0.18539810180664062,
          -0.6137387752532959
        ]
      }
    },
    "octopus" : {
      "L_tentacleA_DYN" : {
        "offset" : [
          1.0582218170166016,
          0.44563865661621094,
          1.3637791872024536
        ]
      },
      "L_tentacleB_DYN" : {
        "offset" : [
          -0.088957786560058594,
          0.17910289764404297,
          1.7715262174606323
        ]
      },
      "L_tentacleC_DYN" : {
        "offset" : [
          -1.2094993591308594,
          -0.081241130828857422,
          1.3072042465209961
        ]
      },
      "L_tentacleD_DYN" : {
        "offset" : [
          -1.7634572982788086,
          -0.20994806289672852,
          0.15631479024887085
        ]
      },
      "R_tentacleA_DYN" : {
        "offset" : [
          -1.5916328430175781,
          -0.56956863403320312,
          -0.56621420383453369
        ]
      },
      "R_tentacleB_DYN" : {
        "offset" : [
          -0.82401084899902344,
          -0.39122152328491211,
          -1.5317487716674805
        ]
      },
      "R_tentacleC_DYN" : {
        "offset" : [
          0.36709785461425781,
          -0.11448240280151367,
          -1.7408119440078735
        ]
      },
      "R_tentacleD_DYN" : {
        "offset" : [
          1.4272603988647461,
          0.13183212280273438,
          -1.0601255893707275
        ]
      }
    }
  },
  "pose" : {
    "bakedAnimationBlendFactor" : 0,
    "browDown_L" : 0.97962957620620728,
    "browDown_R" : 0.85370367765426636,
    "cheekSquint_L" : 0.37962967157363892,
    "cheekSquint_R" : 0.60555529594421387,
    "eyeBlink_L" : 0.23703703284263611,
    "eyeBlink_R" : 0.22222216427326202,
    "eyeLookIn_L" : 0.059259265661239624,
    "eyeLookOut_R" : 0.02777777798473835,
    "eyeLookUp_L" : 0.22407414019107819,
    "eyeLookUp_R" : 0.21666665375232697,
    "eyeSquint_L" : 0.62962967157363892,
    "eyeSquint_R" : 0.67222213745117188,
    "jawOpen" : 0.038888916373252869,
    "mouthFrown_L" : 0.43703699111938477,
    "mouthFrown_R" : 0.4851851761341095,
    "mouthLeft" : 0.26666665077209473,
    "mouthLowerDown_L" : 0.21296295523643494,
    "mouthLowerDown_R" : 0.12407407909631729,
    "mouthPress_L" : 0.49444445967674255,
    "mouthPress_R" : 0.087037034332752228,
    "mouthStretch_L" : 0.2666667103767395,
    "mouthStretch_R" : 0.14074073731899261,
    "mouthUpperUp_L" : 0.39074069261550903,
    "mouthUpperUp_R" : 0.37962967157363892,
    "neckOrientation" : [
      0.10613918304443359,
      0.040811803191900253,
      0.025458009913563728,
      0.99318712949752808
    ],
    "neckPosition" : [
      0,
      0,
      0
    ],
    "noseSneer_L" : 0.70925915241241455,
    "noseSneer_R" : 0.83333325386047363
  }
}