{
  "camera" : {
    "name" : "stickerCam",
    "scene" : "../../../shared/cam.scnz"
  },
  "emoji" : "😀",
  "identifier" : "smiling_face_with_open_mouth_and_smiling_eyes",
  "options" : {
    "duration" : 1
  },
  "physicsState" : {
    "octopus" : {
      "L_tentacleA_DYN" : {
        "offset" : [
          0.336944580078125,
          0.10254669189453125,
          -0.5117989182472229
        ]
      },
      "L_tentacleB_DYN" : {
        "offset" : [
          0.58050251007080078,
          0.15913295745849609,
          -0.15386396646499634
        ]
      },
      "L_tentacleC_DYN" : {
        "offset" : [
          0.5352325439453125,
          0.14861392974853516,
          0.27824780344963074
        ]
      },
      "L_tentacleD_DYN" : {
        "offset" : [
          0.21039199829101562,
          0.073141098022460938,
          0.5799674391746521
        ]
      },
      "R_tentacleA_DYN" : {
        "offset" : [
          0.34763813018798828,
          0.056506156921386719,
          -0.51179409027099609
        ]
      },
      "R_tentacleB_DYN" : {
        "offset" : [
          0.59119796752929688,
          0.11309814453125,
          -0.15386427938938141
        ]
      },
      "R_tentacleC_DYN" : {
        "offset" : [
          0.54592704772949219,
          0.10258102416992188,
          0.2782457172870636
        ]
      },
      "R_tentacleD_DYN" : {
        "offset" : [
          0.22108840942382812,
          0.027105808258056641,
          0.5799679160118103
        ]
      }
    }
  },
  "pose" : {
    "bakedAnimationBlendFactor" : 0,
    "browInnerUp" : 0.55496221780776978,
    "browOuterUp_L" : 0.90387976169586182,
    "browOuterUp_R" : 0.55428898334503174,
    "cheekSquint_L" : 0.78787875175476074,
    "cheekSquint_R" : 0.81746035814285278,
    "eyeSquint_L" : 0.92460793256759644,
    "eyeSquint_R" : 0.92998617887496948,
    "eyeWide_L" : 0.50208783149719238,
    "eyeWide_R" : 0.39266195893287659,
    "jawLeft" : 0.11330049484968185,
    "jawOpen" : 0.63781076669692993,
    "mouthDimple_L" : 0.59414553642272949,
    "mouthDimple_R" : 0.46116766333580017,
    "mouthSmile_L" : 0.99881953001022339,
    "mouthSmile_R" : 0.93660759925842285,
    "mouthStretch_L" : 0.15426994860172272,
    "mouthStretch_R" : 0.10468319803476334,
    "mouthUpperUp_L" : 0.29201102256774902,
    "mouthUpperUp_R" : 0.24517898261547089,
    "neckOrientation" : [
      0,
      0,
      -0.038037147372961044,
      0.99927628040313721
    ],
    "neckPosition" : [
      0,
      0,
      0
    ]
  },
  "props" : [

  ]
}