{
  "camera" : {
    "name" : "stickerCam",
    "scene" : "../../../shared/cam.scnz"
  },
  "emoji" : "😉",
  "identifier" : "winking_face",
  "options" : {
    "duration" : 1
  },
  "physicsState" : {
    "dog" : {
      "L_ear_DYN" : {
        "offset" : [
          0.23872947692871094,
          0.71010780334472656,
          -0.099101066589355469
        ]
      },
      "R_ear_DYN" : {
        "offset" : [
          0.37166404724121094,
          0.65048027038574219,
          0.099102258682250977
        ]
      }
    },
    "lion" : {
      "bottomMane_DYN" : {
        "offset" : [
          -0.054631233215332031,
          0.55921399593353271,
          -0.074327468872070312
        ]
      },
      "L_lowerMane_DYN" : {
        "offset" : [
          0.071704864501953125,
          0.55727863311767578,
          -0.074325323104858398
        ]
      },
      "R_lowerMane_DYN" : {
        "offset" : [
          0.17820167541503906,
          0.53286838531494141,
          0.074332475662231445
        ]
      }
    },
    "octopus" : {
      "L_tentacleA_DYN" : {
        "offset" : [
          0.65631294250488281,
          0.30827999114990234,
          -1.3974398374557495
        ]
      },
      "L_tentacleB_DYN" : {
        "offset" : [
          1.3816852569580078,
          0.47681140899658203,
          -0.58500880002975464
        ]
      },
      "L_tentacleC_DYN" : {
        "offset" : [
          1.4083852767944336,
          0.48301506042480469,
          0.5116417407989502
        ]
      },
      "L_tentacleD_DYN" : {
        "offset" : [
          0.69334697723388672,
          0.31688404083251953,
          1.3774995803833008
        ]
      },
      "R_tentacleA_DYN" : {
        "offset" : [
          1.0565824508666992,
          0.089691162109375,
          -1.163703441619873
        ]
      },
      "R_tentacleB_DYN" : {
        "offset" : [
          1.550048828125,
          0.20434284210205078,
          -0.18496249616146088
        ]
      },
      "R_tentacleC_DYN" : {
        "offset" : [
          1.2968072891235352,
          0.14549779891967773,
          0.8807796835899353
        ]
      },
      "R_tentacleD_DYN" : {
        "offset" : [
          0.38628196716308594,
          -0.066048145294189453,
          1.5248129367828369
        ]
      }
    }
  },
  "pose" : {
    "bakedAnimationBlendFactor" : 0,
    "browDown_L" : 1,
    "browInnerUp" : 0.1334858238697052,
    "browOuterUp_R" : 0.39944911003112793,
    "cheekSquint_L" : 1,
    "cheekSquint_R" : 0.26446273922920227,
    "eyeBlink_L" : 1,
    "eyeBlink_R" : 0.077465243637561798,
    "eyeLookDown_L" : 0.060606066137552261,
    "eyeLookDown_R" : 0.063360877335071564,
    "eyeLookIn_R" : 0.15977963805198669,
    "eyeLookOut_L" : 0.15151515603065491,
    "eyeSquint_L" : 0.96108216047286987,
    "eyeSquint_R" : 0.22865022718906403,
    "jawOpen" : 0.45730021595954895,
    "mouthDimple_L" : 0.96969687938690186,
    "mouthDimple_R" : 0.61707991361618042,
    "mouthLeft" : 0.34999999403953552,
    "mouthSmile_L" : 1,
    "mouthSmile_R" : 0.66150742769241333,
    "neckOrientation" : [
      -0.0063716759905219078,
      -0.06563238799571991,
      -0.096178814768791199,
      0.99317747354507446
    ],
    "neckPosition" : [
      0,
      0,
      0
    ],
    "noseSneer_L" : 0.21253287792205811
  },
  "props" : [

  ]
}