{
  "emoji" : "😙",
  "identifier" : "pursed_lips",
  "physicsState" : {
    "dog" : {
      "L_ear_DYN" : {
        "offset" : [
          -0.3154144287109375,
          -0.56588363647460938,
          0.14313220977783203
        ]
      },
      "R_ear_DYN" : {
        "offset" : [
          -0.21295738220214844,
          -0.61186027526855469,
          -0.14312744140625
        ]
      }
    },
    "lion" : {
      "bottomMane_DYN" : {
        "offset" : [
          -0.042109489440917969,
          -0.48406565189361572,
          0.10734653472900391
        ]
      },
      "L_lowerMane_DYN" : {
        "offset" : [
          -0.14920520782470703,
          -0.46241283416748047,
          0.10734891891479492
        ]
      },
      "R_lowerMane_DYN" : {
        "offset" : [
          -0.067113876342773438,
          -0.48123550415039062,
          -0.10735201835632324
        ]
      }
    },
    "memoji" : {
      "lowerBack_DYN" : {
        "offset" : [
          -0.3522796630859375,
          -0.15376377105712891,
          -1.6135454177856445
        ]
      },
      "lowerBackLeft_DYN" : {
        "offset" : [
          -1.0849456787109375,
          -0.88642978668212891,
          -0.88792872428894043
        ]
      },
      "lowerBackRight_DYN" : {
        "offset" : [
          0.52860927581787109,
          0.72711849212646484,
          -1.3939673900604248
        ]
      },
      "lowerFront_DYN" : {
        "offset" : [
          0.15376567840576172,
          -0.35228109359741211,
          -1.6135492324829102
        ]
      },
      "lowerFrontLeft_DYN" : {
        "offset" : [
          -0.72711372375488281,
          -0.52860021591186523,
          1.3939759731292725
        ]
      },
      "lowerFrontRight_DYN" : {
        "offset" : [
          0.88643646240234375,
          1.0849542617797852,
          0.88793319463729858
        ]
      },
      "lowerLeft_DYN" : {
        "offset" : [
          -1.240208625793457,
          -1.0416932106018066,
          0.35782885551452637
        ]
      },
      "lowerRight_DYN" : {
        "offset" : [
          1.0416927337646484,
          -1.2402057647705078,
          0.35782533884048462
        ]
      }
    },
    "octopus" : {
      "L_tentacleA_DYN" : {
        "offset" : [
          -0.52838516235351562,
          -0.0026702880859375,
          1.2772717475891113
        ]
      },
      "L_tentacleB_DYN" : {
        "offset" : [
          -1.2233724594116211,
          -0.16413974761962891,
          0.62214064598083496
        ]
      },
      "L_tentacleC_DYN" : {
        "offset" : [
          -1.3274784088134766,
          -0.18833017349243164,
          -0.33608496189117432
        ]
      },
      "L_tentacleD_DYN" : {
        "offset" : [
          -0.76507759094238281,
          -0.057668685913085938,
          -1.149753212928772
        ]
      },
      "R_tentacleA_DYN" : {
        "offset" : [
          -0.95432472229003906,
          -0.34181737899780273,
          0.93970668315887451
        ]
      },
      "R_tentacleB_DYN" : {
        "offset" : [
          -1.3143882751464844,
          -0.42547035217285156,
          0.044364821165800095
        ]
      },
      "R_tentacleC_DYN" : {
        "offset" : [
          -1.0141735076904297,
          -0.35572052001953125,
          -0.86920922994613647
        ]
      },
      "R_tentacleD_DYN" : {
        "offset" : [
          -0.16944980621337891,
          -0.15946149826049805,
          -1.3625235557556152
        ]
      }
    }
  },
  "pose" : {
    "bakedAnimationBlendFactor" : 0,
    "browInnerUp" : 0.31210187077522278,
    "browOuterUp_L" : 0.39171972870826721,
    "cheekSquint_L" : 0.58280259370803833,
    "cheekSquint_R" : 0.59554129838943481,
    "eyeBlink_L" : 0.12101911753416061,
    "eyeBlink_R" : 0.12420379370450974,
    "eyeLookIn_R" : 0.34394896030426025,
    "eyeLookOut_L" : 0.33121010661125183,
    "eyeLookUp_L" : 0.050955414772033691,
    "eyeLookUp_R" : 0.076433122158050537,
    "eyeSquint_L" : 0.66242045164108276,
    "eyeSquint_R" : 0.77070057392120361,
    "mouthPress_L" : 0.0063694268465042114,
    "mouthPress_R" : 0.15605098009109497,
    "mouthPucker" : 1,
    "mouthRight" : 0.095541305840015411,
    "mouthSmile_L" : 0.079617835581302643,
    "mouthSmile_R" : 0.076433122158050537,
    "neckOrientation" : [
      0.0058977846056222916,
      -0.14740917086601257,
      0.084421820938587189,
      0.98544842004776001
    ],
    "neckPosition" : [
      0,
      0,
      0
    ]
  },
  "props" : [

  ]
}