{
  "emoji" : "🙂",
  "identifier" : "pleasant_neutral",
  "physicsState" : {
    "dog" : {
      "L_ear_DYN" : {
        "offset" : [
          -0.18594741821289062,
          -0.36266899108886719,
          0.013167142868041992
        ]
      },
      "R_ear_DYN" : {
        "offset" : [
          -0.14725208282470703,
          -0.38003730773925781,
          -0.013175010681152344
        ]
      }
    },
    "memoji" : {
      "lowerBack_DYN" : {
        "offset" : [
          -0.060774803161621094,
          0.0142059326171875,
          -1.0175023078918457
        ]
      },
      "lowerBackLeft_DYN" : {
        "offset" : [
          -0.56270599365234375,
          -0.48772335052490234,
          -0.69619739055633545
        ]
      },
      "lowerBackRight_DYN" : {
        "offset" : [
          0.45479869842529297,
          0.52978229522705078,
          -0.74277472496032715
        ]
      },
      "lowerFront_DYN" : {
        "offset" : [
          -0.014202117919921875,
          -0.060781002044677734,
          -1.0175027847290039
        ]
      },
      "lowerFrontLeft_DYN" : {
        "offset" : [
          -0.52977180480957031,
          -0.45478963851928711,
          0.74277329444885254
        ]
      },
      "lowerFrontRight_DYN" : {
        "offset" : [
          0.48773384094238281,
          0.56271600723266602,
          0.69619357585906982
        ]
      },
      "lowerLeft_DYN" : {
        "offset" : [
          -0.75696849822998047,
          -0.68198585510253906,
          0.032937504351139069
        ]
      },
      "lowerRight_DYN" : {
        "offset" : [
          0.6819915771484375,
          -0.75697565078735352,
          0.032935507595539093
        ]
      }
    },
    "octopus" : {
      "L_tentacleA_DYN" : {
        "offset" : [
          -0.45546245574951172,
          -0.060456752777099609,
          0.71453261375427246
        ]
      },
      "L_tentacleB_DYN" : {
        "offset" : [
          -0.80352878570556641,
          -0.14132499694824219,
          0.23673437535762787
        ]
      },
      "L_tentacleC_DYN" : {
        "offset" : [
          -0.7602996826171875,
          -0.13128805160522461,
          -0.35549616813659668
        ]
      },
      "L_tentacleD_DYN" : {
        "offset" : [
          -0.32963943481445312,
          -0.031223773956298828,
          -0.78233200311660767
        ]
      },
      "R_tentacleA_DYN" : {
        "offset" : [
          -0.47954559326171875,
          -0.15677928924560547,
          0.68347114324569702
        ]
      },
      "R_tentacleB_DYN" : {
        "offset" : [
          -0.79678153991699219,
          -0.23048210144042969,
          0.18355152010917664
        ]
      },
      "R_tentacleC_DYN" : {
        "offset" : [
          -0.71634578704833984,
          -0.21179485321044922,
          -0.40456786751747131
        ]
      },
      "R_tentacleD_DYN" : {
        "offset" : [
          -0.25967884063720703,
          -0.10569620132446289,
          -0.80192112922668457
        ]
      }
    }
  },
  "pose" : {
    "bakedAnimationBlendFactor" : 0,
    "browInnerUp" : 0.49999997019767761,
    "browOuterUp_L" : 0.28025463223457336,
    "browOuterUp_R" : 0.6942673921585083,
    "cheekSquint_L" : 0.33757954835891724,
    "cheekSquint_R" : 0.48089167475700378,
    "eyeBlink_L" : 0.1656050980091095,
    "eyeBlink_R" : 0.070063695311546326,
    "eyeLookDown_L" : 0.10509554296731949,
    "eyeLookDown_R" : 0.070063695311546326,
    "eyeLookIn_L" : 0.2866879403591156,
    "eyeLookOut_R" : 0.1351592093706131,
    "eyeSquint_L" : 0.46815282106399536,
    "eyeSquint_R" : 0.43630582094192505,
    "jawOpen" : 0.098726116120815277,
    "mouthClose" : 0.095541402697563171,
    "mouthDimple_L" : 0.30891725420951843,
    "mouthDimple_R" : 0.53503173589706421,
    "mouthPress_L" : 0.20382170379161835,
    "mouthPress_R" : 0.26751589775085449,
    "mouthPucker" : 0.095541395246982574,
    "mouthRight" : 0.12420380860567093,
    "mouthShrugLower" : 0.23566879332065582,
    "mouthShrugUpper" : 0.23885349929332733,
    "mouthSmile_L" : 0.24203819036483765,
    "mouthSmile_R" : 0.26114645600318909,
    "neckOrientation" : [
      0.010160983540117741,
      0.16331002116203308,
      0.051008850336074829,
      0.98520290851593018
    ],
    "neckPosition" : [
      0,
      0,
      0
    ]
  },
  "props" : [

  ]
}