{
  "camera" : {
    "name" : "stickerCam",
    "scene" : "../../../shared/cam.scnz"
  },
  "emoji" : "🤩",
  "identifier" : "face_with_starry_eyes",
  "options" : {
    "duration" : 1
  },
  "physicsState" : {
    "octopus" : {
      "L_tentacleA_DYN" : {
        "offset" : [
          0.38540458679199219,
          0.12144947052001953,
          -0.58677047491073608
        ]
      },
      "L_tentacleB_DYN" : {
        "offset" : [
          0.66464138031005859,
          0.18632602691650391,
          -0.17640465497970581
        ]
      },
      "L_tentacleC_DYN" : {
        "offset" : [
          0.61273765563964844,
          0.17426633834838867,
          0.31900933384895325
        ]
      },
      "L_tentacleD_DYN" : {
        "offset" : [
          0.24031257629394531,
          0.087738037109375,
          0.66493320465087891
        ]
      },
      "R_tentacleA_DYN" : {
        "offset" : [
          0.39946842193603516,
          0.060907363891601562,
          -0.5867692232131958
        ]
      },
      "R_tentacleB_DYN" : {
        "offset" : [
          0.67870521545410156,
          0.12578248977661133,
          -0.17640267312526703
        ]
      },
      "R_tentacleC_DYN" : {
        "offset" : [
          0.62680339813232422,
          0.11372518539428711,
          0.31900790333747864
        ]
      },
      "R_tentacleD_DYN" : {
        "offset" : [
          0.25437831878662109,
          0.027194499969482422,
          0.66493332386016846
        ]
      }
    }
  },
  "pose" : {
    "bakedAnimationBlendFactor" : 0,
    "browInnerUp" : 1,
    "browOuterUp_L" : 0.93411248922348022,
    "browOuterUp_R" : 0.8536713719367981,
    "eyeWide_L" : 0.76741957664489746,
    "eyeWide_R" : 0.6566842794418335,
    "jawOpen" : 0.90997493267059326,
    "mouthDimple_L" : 0.47382906079292297,
    "mouthDimple_R" : 0.52341580390930176,
    "mouthSmile_L" : 0.95919305086135864,
    "mouthSmile_R" : 0.88958442211151123,
    "mouthUpperUp_R" : 0.008264484815299511,
    "neckOrientation" : [
      0,
      0,
      -0.043619390577077866,
      0.99904829263687134
    ],
    "neckPosition" : [
      0,
      0,
      0
    ]
  },
  "props" : [
    {
      "image" : "../../../shared/face_with_starry_eyes/star_left.heic",
      "position" : {
        "x" : 0.10000000000000001,
        "y" : 0.13,
        "z" : 20
      },
      "scale" : 1.3
    },
    {
      "image" : "../../../shared/face_with_starry_eyes/star_right.heic",
      "position" : {
        "x" : -0.10000000000000001,
        "y" : 0.13,
        "z" : 20
      },
      "scale" : 1.3
    }
  ]
}