{
  "camera" : {
    "name" : "stickerCam",
    "scene" : "../../shared/cam.scnz"
  },
  "emoji" : "🙁",
  "identifier" : "slightly_frowning_face",
  "options" : {
    "duration" : 1
  },
  "physicsState" : {
    "memoji" : {
      "lowerBack_DYN" : {
        "offset" : [
          -0.66853141784667969,
          -0.60589361190795898,
          -0.23254066705703735
        ]
      },
      "lowerBackLeft_DYN" : {
        "offset" : [
          -0.59816455841064453,
          -0.53552818298339844,
          0.47276768088340759
        ]
      },
      "lowerBackRight_DYN" : {
        "offset" : [
          -0.36561679840087891,
          -0.30297946929931641,
          -0.80164253711700439
        ]
      },
      "lowerFront_DYN" : {
        "offset" : [
          0.60589027404785156,
          -0.66852664947509766,
          -0.23253998160362244
        ]
      },
      "lowerFrontLeft_DYN" : {
        "offset" : [
          0.30299186706542969,
          0.36562538146972656,
          0.80163991451263428
        ]
      },
      "lowerFrontRight_DYN" : {
        "offset" : [
          0.53552436828613281,
          0.5981597900390625,
          -0.47278058528900146
        ]
      },
      "lowerLeft_DYN" : {
        "offset" : [
          -0.19575309753417969,
          -0.13311576843261719,
          0.90114855766296387
        ]
      },
      "lowerRight_DYN" : {
        "offset" : [
          0.13311672210693359,
          -0.19575214385986328,
          0.90114939212799072
        ]
      }
    }
  },
  "pose" : {
    "bakedAnimationBlendFactor" : 0,
    "browDown_L" : 0.77099257707595825,
    "browDown_R" : 0.78244274854660034,
    "browInnerUp" : 1,
    "eyeBlink_L" : 0.12217194586992264,
    "eyeBlink_R" : 0.11538461595773697,
    "eyeSquint_L" : 0.43526181578636169,
    "eyeSquint_R" : 0.42424240708351135,
    "jawOpen" : 0.15999999642372131,
    "mouthClose" : 0.15999999642372131,
    "mouthFrown_L" : 0.76038318872451782,
    "mouthFrown_R" : 0.77478820085525513,
    "mouthShrugLower" : 0.67493081092834473,
    "mouthShrugUpper" : 0.67768585681915283,
    "mouthStretch_L" : 0.76833218336105347,
    "mouthStretch_R" : 0.77324235439300537,
    "neckOrientation" : [
      0.046229120343923569,
      0.017416175454854965,
      0.01107336301356554,
      0.99871766567230225
    ],
    "neckPosition" : [
      0,
      0,
      0
    ]
  },
  "props" : [

  ]
}