{
  "emoji" : "🤨",
  "identifier" : "one_raised_eyebrow",
  "physicsState" : {
    "dog" : {
      "L_ear_DYN" : {
        "offset" : [
          -0.18795204162597656,
          -0.36491012573242188,
          0.070265054702758789
        ]
      },
      "R_ear_DYN" : {
        "offset" : [
          -0.14759254455566406,
          -0.38303375244140625,
          -0.070261955261230469
        ]
      }
    },
    "memoji" : {
      "lowerBack_DYN" : {
        "offset" : [
          -0.16331768035888672,
          -0.085112094879150391,
          -1.0246824026107788
        ]
      },
      "lowerBackLeft_DYN" : {
        "offset" : [
          -0.63927268981933594,
          -0.56106710433959961,
          -0.60034918785095215
        ]
      },
      "lowerBackRight_DYN" : {
        "offset" : [
          0.38541126251220703,
          0.46361446380615234,
          -0.84876918792724609
        ]
      },
      "lowerFront_DYN" : {
        "offset" : [
          0.085107803344726562,
          -0.16331815719604492,
          -1.0246800184249878
        ]
      },
      "lowerFrontLeft_DYN" : {
        "offset" : [
          -0.46361541748046875,
          -0.38541030883789062,
          0.84876799583435059
        ]
      },
      "lowerFrontRight_DYN" : {
        "offset" : [
          0.56107044219970703,
          0.63926982879638672,
          0.60034537315368652
        ]
      },
      "lowerLeft_DYN" : {
        "offset" : [
          -0.76365947723388672,
          -0.68545436859130859,
          0.1756579577922821
        ]
      },
      "lowerRight_DYN" : {
        "offset" : [
          0.68545246124267578,
          -0.76366424560546875,
          0.17565876245498657
        ]
      }
    },
    "octopus" : {
      "L_tentacleA_DYN" : {
        "offset" : [
          -0.36368560791015625,
          -0.0371856689453125,
          0.78679519891738892
        ]
      },
      "L_tentacleB_DYN" : {
        "offset" : [
          -0.78089141845703125,
          -0.13411426544189453,
          0.35344335436820984
        ]
      },
      "L_tentacleC_DYN" : {
        "offset" : [
          -0.81786632537841797,
          -0.14270544052124023,
          -0.25186190009117126
        ]
      },
      "L_tentacleD_DYN" : {
        "offset" : [
          -0.44036865234375,
          -0.055002212524414062,
          -0.74548590183258057
        ]
      },
      "R_tentacleA_DYN" : {
        "offset" : [
          -0.57791519165039062,
          -0.18158340454101562,
          0.62108117341995239
        ]
      },
      "R_tentacleB_DYN" : {
        "offset" : [
          -0.8307037353515625,
          -0.24031448364257812,
          0.069813758134841919
        ]
      },
      "R_tentacleC_DYN" : {
        "offset" : [
          -0.66919803619384766,
          -0.20278739929199219,
          -0.51356494426727295
        ]
      },
      "R_tentacleD_DYN" : {
        "offset" : [
          -0.153106689453125,
          -0.082886695861816406,
          -0.84994155168533325
        ]
      }
    }
  },
  "pose" : {
    "bakedAnimationBlendFactor" : 0,
    "browDown_L" : 0.80254775285720825,
    "browInnerUp" : 0.61783427000045776,
    "browOuterUp_R" : 1,
    "cheekSquint_L" : 0.1656050980091095,
    "cheekSquint_R" : 0.39171969890594482,
    "eyeBlink_L" : 0.18789805471897125,
    "eyeBlink_R" : 0.13375800848007202,
    "eyeLookIn_L" : 0.22292989492416382,
    "eyeLookOut_R" : 0.12101910263299942,
    "eyeSquint_L" : 0.37579616904258728,
    "eyeSquint_R" : 0.34713366627693176,
    "mouthDimple_R" : 0.59235668182373047,
    "mouthPress_L" : 0.49681532382965088,
    "mouthPress_R" : 0.20700636506080627,
    "mouthRight" : 0.35031843185424805,
    "mouthShrugLower" : 0.16242037713527679,
    "mouthShrugUpper" : 0.15923565626144409,
    "mouthSmile_L" : 0.24522286653518677,
    "mouthSmile_R" : 0.2229299396276474,
    "mouthStretch_L" : 0.10828027129173279,
    "mouthStretch_R" : 0.18789808452129364,
    "neckOrientation" : [
      0.013799429871141911,
      0.092763796448707581,
      0.051293402910232544,
      0.99427032470703125
    ],
    "neckPosition" : [
      0,
      0,
      0
    ]
  },
  "props" : [

  ]
}