{
  "camera" : {
    "name" : "stickerCam",
    "scene" : "../../shared/cam.scnz"
  },
  "emoji" : "🤔",
  "identifier" : "thinking_face",
  "options" : {
    "duration" : 1
  },
  "physicsState" : {
    "memoji" : {
      "lowerBack_DYN" : {
        "offset" : [
          0.49741840362548828,
          0.72615528106689453,
          1.5477128028869629
        ]
      },
      "lowerBackLeft_DYN" : {
        "offset" : [
          1.0920953750610352,
          1.320828914642334,
          0.4826090931892395
        ]
      },
      "lowerBackRight_DYN" : {
        "offset" : [
          -0.45561408996582031,
          -0.22687768936157227,
          1.7061891555786133
        ]
      },
      "lowerFront_DYN" : {
        "offset" : [
          -0.72616004943847656,
          0.4974212646484375,
          1.5477089881896973
        ]
      },
      "lowerFrontLeft_DYN" : {
        "offset" : [
          0.22688674926757812,
          0.45562076568603516,
          -1.7061830759048462
        ]
      },
      "lowerFrontRight_DYN" : {
        "offset" : [
          -1.3208255767822266,
          -1.0920858383178711,
          -0.48260700702667236
        ]
      },
      "lowerLeft_DYN" : {
        "offset" : [
          0.98003387451171875,
          1.2087712287902832,
          -0.86520373821258545
        ]
      },
      "lowerRight_DYN" : {
        "offset" : [
          -1.208765983581543,
          0.98002481460571289,
          -0.86520504951477051
        ]
      }
    }
  },
  "pose" : {
    "bakedAnimationBlendFactor" : 0,
    "browDown_L" : 0.94189578294754028,
    "browOuterUp_R" : 0.96636086702346802,
    "cheekSquint_L" : 0.90519893169403076,
    "cheekSquint_R" : 0.81017959117889404,
    "eyeLookIn_L" : 0.25464192032814026,
    "eyeLookOut_R" : 0.23872673511505127,
    "eyeLookUp_L" : 0.21485410630702972,
    "eyeLookUp_R" : 0.22281165421009064,
    "eyeSquint_L" : 0.27314409613609314,
    "eyeSquint_R" : 0.26844948530197144,
    "jawLeft" : 0.19452056288719177,
    "mouthFrown_L" : 0.19178085029125214,
    "mouthLeft" : 0.22739727795124054,
    "neckOrientation" : [
      -0.03311007097363472,
      -0.13567876815795898,
      -0.084592424333095551,
      0.98657941818237305
    ],
    "neckPosition" : [
      0,
      0,
      0
    ]
  },
  "props" : [
    {
      "palettes" : [
        {
          "material" : "head_MAT",
          "palette" : "skin"
        }
      ],
      "scene" : "thinking_face_hand.scnz"
    }
  ]
}