{
  "emoji" : "😠",
  "identifier" : "grizzled",
  "physicsState" : {
    "dog" : {
      "L_ear_DYN" : {
        "offset" : [
          0.26285839080810547,
          0.82629966735839844,
          -0.13956212997436523
        ]
      },
      "R_ear_DYN" : {
        "offset" : [
          0.44241142272949219,
          0.74576377868652344,
          0.13956904411315918
        ]
      }
    },
    "lion" : {
      "bottomMane_DYN" : {
        "offset" : [
          -0.073788642883300781,
          0.64613085985183716,
          -0.10467720031738281
        ]
      },
      "L_lowerMane_DYN" : {
        "offset" : [
          0.072452545166015625,
          0.64628028869628906,
          -0.10467267036437988
        ]
      },
      "R_lowerMane_DYN" : {
        "offset" : [
          0.21630001068115234,
          0.61330604553222656,
          0.10467195510864258
        ]
      }
    },
    "memoji" : {
      "lowerBack_DYN" : {
        "offset" : [
          0.072796821594238281,
          0.42064332962036133,
          2.153770923614502
        ]
      },
      "lowerBackLeft_DYN" : {
        "offset" : [
          1.0774154663085938,
          1.4252638816833496,
          1.2762333154678345
        ]
      },
      "lowerBackRight_DYN" : {
        "offset" : [
          -1.0763578414916992,
          -0.72850418090820312,
          1.7696645259857178
        ]
      },
      "lowerFront_DYN" : {
        "offset" : [
          -0.42063713073730469,
          0.072785377502441406,
          2.1537699699401855
        ]
      },
      "lowerFrontLeft_DYN" : {
        "offset" : [
          0.72850131988525391,
          1.0763535499572754,
          -1.769660472869873
        ]
      },
      "lowerFrontRight_DYN" : {
        "offset" : [
          -1.425267219543457,
          -1.0774164199829102,
          -1.2762231826782227
        ]
      },
      "lowerLeft_DYN" : {
        "offset" : [
          1.3490123748779297,
          1.6968655586242676,
          -0.34890979528427124
        ]
      },
      "lowerRight_DYN" : {
        "offset" : [
          -1.6968708038330078,
          1.3490176200866699,
          -0.34891197085380554
        ]
      }
    },
    "octopus" : {
      "L_tentacleA_DYN" : {
        "offset" : [
          0.70970058441162109,
          0.37532138824462891,
          -1.6441855430603027
        ]
      },
      "L_tentacleB_DYN" : {
        "offset" : [
          1.5771245956420898,
          0.5768585205078125,
          -0.72651058435440063
        ]
      },
      "L_tentacleC_DYN" : {
        "offset" : [
          1.6433687210083008,
          0.59224796295166016,
          0.54449772834777832
        ]
      },
      "L_tentacleD_DYN" : {
        "offset" : [
          0.84190177917480469,
          0.4060359001159668,
          1.5729695558547974
        ]
      },
      "R_tentacleA_DYN" : {
        "offset" : [
          1.2694311141967773,
          0.084503650665283203,
          -1.3150227069854736
        ]
      },
      "R_tentacleB_DYN" : {
        "offset" : [
          1.8102817535400391,
          0.21016645431518555,
          -0.16313296556472778
        ]
      },
      "R_tentacleC_DYN" : {
        "offset" : [
          1.4822731018066406,
          0.1339573860168457,
          1.0643435716629028
        ]
      },
      "R_tentacleD_DYN" : {
        "offset" : [
          0.40551853179931641,
          -0.11621713638305664,
          1.7804338932037354
        ]
      }
    }
  },
  "pose" : {
    "bakedAnimationBlendFactor" : 0,
    "browDown_L" : 0.20000000298023224,
    "browDown_R" : 0.69999998807907104,
    "browInnerUp" : 0.098726116120815277,
    "cheekSquint_L" : 0.28999999165534973,
    "cheekSquint_R" : 0.28980892896652222,
    "eyeBlink_L" : 0.20000000298023224,
    "eyeBlink_R" : 0.21699999272823334,
    "eyeLookDown_L" : 0.19426749646663666,
    "eyeLookDown_R" : 0.066879026591777802,
    "eyeLookIn_L" : 0.19426758587360382,
    "eyeLookIn_R" : 0.15000000596046448,
    "eyeLookOut_L" : 0.05000000074505806,
    "eyeLookOut_R" : 0.1114649698138237,
    "eyeLookUp_L" : 0.019999999552965164,
    "eyeLookUp_R" : 0.019999999552965164,
    "eyeSquint_L" : 0.23885348439216614,
    "eyeSquint_R" : 0.2738853394985199,
    "mouthDimple_L" : 0.25499999523162842,
    "mouthLeft" : 0.16200000047683716,
    "mouthPress_L" : 0.51800000667572021,
    "mouthPress_R" : 0.36100000143051147,
    "mouthUpperUp_R" : 4.2710335268481003e-10,
    "neckOrientation" : [
      -0.0089861480519175529,
      -0.079711392521858215,
      -0.11166294664144516,
      0.99050325155258179
    ],
    "neckPosition" : [
      0,
      0,
      0
    ],
    "noseSneer_L" : 0.19699999690055847,
    "noseSneer_R" : 0.19745224714279175
  },
  "props" : [

  ]
}