{
  "emoji" : "😚",
  "identifier" : "front_pucker",
  "physicsState" : {
    "memoji" : {
      "lowerBack_DYN" : {
        "offset" : [
          0.40649318695068359,
          0.4318690299987793,
          1.1129856147817918e-07
        ]
      },
      "lowerBackLeft_DYN" : {
        "offset" : [
          0.28371524810791016,
          0.30909252166748047,
          -0.41917920112609863
        ]
      },
      "lowerBackRight_DYN" : {
        "offset" : [
          0.28371620178222656,
          0.30909252166748047,
          0.41917920112609863
        ]
      },
      "lowerFront_DYN" : {
        "offset" : [
          -0.43187332153320312,
          0.4064936637878418,
          7.5764319262816571e-09
        ]
      },
      "lowerFrontLeft_DYN" : {
        "offset" : [
          -0.3090972900390625,
          -0.28371667861938477,
          -0.41918355226516724
        ]
      },
      "lowerFrontRight_DYN" : {
        "offset" : [
          -0.3090972900390625,
          -0.28371953964233398,
          0.41918405890464783
        ]
      },
      "lowerLeft_DYN" : {
        "offset" : [
          -0.012692451477050781,
          0.012690544128417969,
          -0.59281671047210693
        ]
      },
      "lowerRight_DYN" : {
        "offset" : [
          -0.012692451477050781,
          -0.012689590454101562,
          -0.59281671047210693
        ]
      }
    },
    "octopus" : {
      "L_tentacleA_DYN" : {
        "offset" : [
          -0.40007781982421875,
          -0.07759857177734375,
          -0.27963346242904663
        ]
      },
      "L_tentacleB_DYN" : {
        "offset" : [
          -0.12264633178710938,
          -0.013141155242919922,
          -0.47860169410705566
        ]
      },
      "L_tentacleC_DYN" : {
        "offset" : [
          0.21228218078613281,
          0.064673423767089844,
          -0.44161713123321533
        ]
      },
      "L_tentacleD_DYN" : {
        "offset" : [
          0.4461517333984375,
          0.11901283264160156,
          -0.17624859511852264
        ]
      },
      "R_tentacleA_DYN" : {
        "offset" : [
          0.40007972717285156,
          0.077596664428710938,
          0.27963244915008545
        ]
      },
      "R_tentacleB_DYN" : {
        "offset" : [
          0.12264347076416016,
          0.013141155242919922,
          0.47860169410705566
        ]
      },
      "R_tentacleC_DYN" : {
        "offset" : [
          -0.21228218078613281,
          -0.064672470092773438,
          0.44161635637283325
        ]
      },
      "R_tentacleD_DYN" : {
        "offset" : [
          -0.4461517333984375,
          -0.11901283264160156,
          0.17624747753143311
        ]
      }
    }
  },
  "pose" : {
    "bakedAnimationBlendFactor" : 0,
    "browInnerUp" : 1,
    "browOuterUp_L" : 0.58598709106445312,
    "browOuterUp_R" : 0.70063692331314087,
    "cheekPuff" : 0.15286624431610107,
    "cheekSquint_L" : 0.78662413358688354,
    "cheekSquint_R" : 0.65923559665679932,
    "eyeLookDown_L" : 0.035031847655773163,
    "eyeLookDown_R" : 0.038216561079025269,
    "eyeSquint_L" : 0.81210207939147949,
    "eyeSquint_R" : 0.85987257957458496,
    "jawForward" : 0.098726116120815277,
    "jawOpen" : 0.1592356413602829,
    "mouthClose" : 0.15286622941493988,
    "mouthPucker" : 1,
    "mouthSmile_L" : 0.1114649698138237,
    "mouthSmile_R" : 0.070063695311546326,
    "neckOrientation" : [
      -0.030259611085057259,
      0,
      0,
      0.99954205751419067
    ],
    "neckPosition" : [
      0,
      0,
      0
    ],
    "noseSneer_L" : 0.10191082954406738,
    "noseSneer_R" : 0.13375796377658844
  },
  "props" : [

  ]
}