{
  "emoji" : "😁",
  "identifier" : "proud",
  "physicsState" : {
    "dog" : {
      "L_ear_DYN" : {
        "offset" : [
          -0.008365631103515625,
          0.078952789306640625,
          -0.55398416519165039
        ]
      },
      "R_ear_DYN" : {
        "offset" : [
          0.064534187316894531,
          0.046243667602539062,
          0.55398821830749512
        ]
      }
    },
    "lion" : {
      "bottomMane_DYN" : {
        "offset" : [
          -0.029959678649902344,
          0.051455728709697723,
          -0.41548967361450195
        ]
      },
      "L_lowerMane_DYN" : {
        "offset" : [
          -0.017703056335449219,
          0.056856155395507812,
          -0.41549062728881836
        ]
      },
      "R_lowerMane_DYN" : {
        "offset" : [
          0.040704727172851562,
          0.043458938598632812,
          0.41549420356750488
        ]
      }
    },
    "memoji" : {
      "lowerBack_DYN" : {
        "offset" : [
          0.90869617462158203,
          1.0499405860900879,
          0.17151950299739838
        ]
      },
      "lowerBackLeft_DYN" : {
        "offset" : [
          0.70761489868164062,
          0.84886026382446289,
          -0.85804259777069092
        ]
      },
      "lowerBackRight_DYN" : {
        "offset" : [
          0.53610515594482422,
          0.67734622955322266,
          1.1005908250808716
        ]
      },
      "lowerFront_DYN" : {
        "offset" : [
          -1.0499401092529297,
          0.90869617462158203,
          0.17151829600334167
        ]
      },
      "lowerFrontLeft_DYN" : {
        "offset" : [
          -0.67733669281005859,
          -0.53609418869018555,
          -1.1005996465682983
        ]
      },
      "lowerFrontRight_DYN" : {
        "offset" : [
          -0.84886932373046875,
          -0.70762205123901367,
          0.85803663730621338
        ]
      },
      "lowerLeft_DYN" : {
        "offset" : [
          0.050653457641601562,
          0.19189929962158203,
          -1.3849623203277588
        ]
      },
      "lowerRight_DYN" : {
        "offset" : [
          -0.19189739227294922,
          0.050652980804443359,
          -1.3849648237228394
        ]
      }
    },
    "octopus" : {
      "L_tentacleA_DYN" : {
        "offset" : [
          -0.86679553985595703,
          -0.11594390869140625,
          -0.77111142873764038
        ]
      },
      "L_tentacleB_DYN" : {
        "offset" : [
          -0.16257381439208984,
          0.047671794891357422,
          -1.153555154800415
        ]
      },
      "L_tentacleC_DYN" : {
        "offset" : [
          0.60947322845458984,
          0.22704744338989258,
          -0.9676663875579834
        ]
      },
      "L_tentacleD_DYN" : {
        "offset" : [
          1.0810489654541016,
          0.33661079406738281,
          -0.27821993827819824
        ]
      },
      "R_tentacleA_DYN" : {
        "offset" : [
          1.0244121551513672,
          0.15256023406982422,
          0.53544831275939941
        ]
      },
      "R_tentacleB_DYN" : {
        "offset" : [
          0.43233680725097656,
          0.0149993896484375,
          1.0827056169509888
        ]
      },
      "R_tentacleC_DYN" : {
        "offset" : [
          -0.36056232452392578,
          -0.16921710968017578,
          1.0957897901535034
        ]
      },
      "R_tentacleD_DYN" : {
        "offset" : [
          -0.98170661926269531,
          -0.31353282928466797,
          0.54528349637985229
        ]
      }
    }
  },
  "pose" : {
    "bakedAnimationBlendFactor" : 0,
    "browInnerUp" : 0.80573272705078125,
    "browOuterUp_L" : 0.30891728401184082,
    "browOuterUp_R" : 0.37579596042633057,
    "cheekSquint_L" : 0.42356690764427185,
    "cheekSquint_R" : 0.62101900577545166,
    "eyeBlink_L" : 0.14331208169460297,
    "eyeBlink_R" : 0.14968155324459076,
    "eyeLookDown_L" : 0.17000000178813934,
    "eyeLookDown_R" : 0.17000000178813934,
    "eyeLookIn_R" : 0.11999999731779099,
    "eyeLookOut_L" : 0.079999998211860657,
    "eyeSquint_L" : 0.063694268465042114,
    "eyeSquint_R" : 0.13375797867774963,
    "jawOpen" : 0.1178344190120697,
    "mouthClose" : 0.11783439666032791,
    "mouthDimple_L" : 0.67515915632247925,
    "mouthDimple_R" : 0.59235668182373047,
    "mouthLeft" : 0.079617835581302643,
    "mouthPress_L" : 0.17197449505329132,
    "mouthPress_R" : 0.23885342478752136,
    "mouthShrugLower" : 0.16560511291027069,
    "mouthShrugUpper" : 0.16242040693759918,
    "mouthSmile_L" : 0.49363029003143311,
    "mouthSmile_R" : 0.37261146306991577,
    "neckOrientation" : [
      -0.070332884788513184,
      -0.048409663140773773,
      -0.012201215140521526,
      0.99627351760864258
    ],
    "neckPosition" : [
      0,
      0,
      0
    ]
  },
  "props" : [

  ]
}